,评论,日期,评分,城市,昵称
0,好看加四个字,2018-08-04,5.0,松原,LFb105221916
1,良心制作，大手笔！视觉冲击感强烈，听觉和视觉上都有很大的震撼,2018-08-04,5.0,重庆,1997。355
2,情节就是画江湖的风格，略带诙谐，笑点不够，且比较初级，个人英雄风格，期待西虹市首富,2018-08-04,4.0,西安,lra81754849
3,刚开始看有点失望，可能起初对它抱有太大期望，不过笑点还可以，画风很让我失望，国漫崛起还需时日。,2018-08-04,3.5,萧县,DdY585184257
4,原谅我只记住了一句台词，原来你真的是零90……,2018-08-04,5.0,西安,任庚晨
5,很不错的一部动画片，充满正能量，适合带小孩子去看,2018-08-04,5.0,晋江市,AQ356
6,好感动，这电影不错哦,2018-08-04,4.5,广州,WEO924017476
7,"国产动画的制作水平越来越高了啊啊啊啊心酸的老父亲快要流下泪。
要说3D效果，国产的动画已经超越国产电影了，比我上一次看又进步了好多，动作流畅度和人物表情的真实感强了不是一点两点┨激动了，整个画面都棒极了，没有粗糙烂制的劣质感。
要说缺点的话，剧本没毛病，虽然有个别点看起来愚蠢，比如说每一届的侠岚都很菜这一点，不想吐槽了……但是饕和小怪兽的设定棒极了，非常优秀，国产敢这么玩的它还是第一个，伏笔下得也恰到好处。
另一个缺点就是背景音乐，第一段歌简直……让人不想说话，是真的辣鸡。
要不是我知道国产动画和迪士尼是同一个世界同一个梦想我都要哭出来了不，我是真的哭了。",2018-08-04,4.0,成都,叶泽丞
8,非常不错！！值得一看！,2018-08-04,5.0,天津,huyuefeng1
9,国产极品，画风 特效也达到极致了。后期剧情进展略迅速，不过不影响。,2018-08-04,5.0,邢台,清泉5137
10,特效很棒，故事性也高，良心作品。立意不错，原画优美。镜头切换稍显不足。支持侠岚！,2018-08-04,4.0,兰州,mQD780793841
11,很好看9696感动得一塌糊涂！第一次看国漫大片！]想到这么好看9696支持,2018-08-04,5.0,常熟,追逐......
12,超级好看，我一定要把侠岚刷一遍,2018-08-04,5.0,东莞,花h开不记年
13,整体不错了，其中故事性有待完善,2018-08-04,4.5,三河,nlZ474754463
14,怎么说呢，电影听没多大，不过就我们两个人在看。可安静,2018-08-04,3.5,郑州,ctY782049176
29,去迟了一点，前几分钟没看到，之后看到的还不错,2018-08-04,4.5,咸阳,ZmP715392816
44,国产动漫电影迄今为止第一。,2018-08-04,4.5,上海,dUP208532919
74,太好了，良心国漫，要笑有笑，要泪又泪，就是有点急，要是时长长点，情节细一点简直完美！！！！！！！,2018-08-04,4.5,葫芦岛,NHq315241368
89,真不错   值得看,2018-08-04,5.0,哈尔滨,YyU694737311
104,剧情不错，感人至深,2018-08-04,5.0,抚州,wjjae119
119,比大圣归来更容易看懂，故事动画制作挺不错，但是内容我觉得8分吧，总觉得少点什么(个人见解)，要表现的主题也明显，值得一看，支持国漫，希望越做越精彩，能有更多好的作品。,2018-08-04,4.5,长沙,Wav426705735
134,很不错的国漫！,2018-08-04,4.5,廊坊,2477
149,看完了，我只能很平静的说一句，太他么好看了！！风趣幽默的地方多，和梅姐的地方把我一个大男人看哭了！！不懂为什么拍片这么少,2018-08-04,5.0,上海,LtX927929112
179,良心之作，还看哭了,2018-08-04,5.0,福安,诗意栖居的Kinba
194,这个剧情真的是不想吐槽，配角有性格？？？咋没点剧情呢。。。女主角咋变成坏人的咋也不说呢？男主角咋一跳就比修炼几十年的人牛逼呢。。为啥女主角后面又凭空回来了，不是死了吗？真是想疯狂吐槽，看这电影哭了两次，本来都是他妈和女主死了，就这么回来了，真是无语了，画面做的不错，剧情真是无语死了,2018-08-04,1.5,巴中,bPI800186849
209,"所谓父母子女一场，都是生死之交。
国漫已经雄起~
适合全家总动员~笑点泪点一个都不少~
最佳配角必须王富贵~",2018-08-04,5.0,北京,兔兔兔兔淘
224,确实不错，国产动漫的良心之作！,2018-08-04,5.0,上海,yWC848467754
239,电影不错，感动,2018-08-04,4.5,乌鲁木齐,我的小HONEY
254,国漫崛起很快，若森的作品看过很多，每一个都很棒,2018-08-04,5.0,鞍山,超人不哭6260
269,画面精致，剧情走心，除了动作场面不太流畅之外，没太多瑕疵。国产动画巅峰。,2018-08-04,5.0,南通,joe-w12
284,真的很经典。,2018-08-04,5.0,昆明,HTg295203511
299,国产电影的标杆。。。,2018-08-04,5.0,石家庄,SincePfect
314,超级好看  一会笑喷一会哭的不行  969696值得看多几遍,2018-08-04,5.0,广州,Dqu936750066
374,良心国产动漫,2018-08-04,5.0,上海,夏树8023
389,打斗特效做的不错可以太少，结局有些失望，感觉潦草收场。不过作为中国3D动漫还是相当不错的，故事情节很有童趣，三观健康。,2018-08-04,3.5,惠安,mOS708967328
404,很好看，正能量，可以全家人带孩子看,2018-08-04,5.0,石家庄,ZXd447929751
434,好评好评好评好评,2018-08-04,5.0,常德,几时。445
449,还行，第一次去电影院看动画片。,2018-08-04,5.0,岳阳,TbB812389440
479,电影制作非常精良，故事很完整，看完之后还想二刷，强烈推荐！真的好看,2018-08-04,5.0,北京,李振伟837
509,有泪点，有笑点，国产动漫电影做到这样，很赞！3d效果做的再好点就更赞了！,2018-08-04,4.5,大连,sakura丶
524,就应该让孩子看这种有意义的动画,2018-08-04,5.0,郑州,我我弄
569,很感人！正义！,2018-08-04,5.0,石家庄,眼泪笑了470
584,没有让我失望，真的喜欢，我的朋友圈最新属于你了,2018-08-04,5.0,绵阳,俺妹赛高
599,细节还是不错的,2018-08-04,5.0,宜宾,可惜462
614,我觉得 结局不完整！,2018-08-04,5.0,宜宾,BAg912207473
644,好看，燃烧我的仙侠梦了。,2018-08-04,5.0,富阳,LJP445214313
659,不错，就是最后结尾打饕太草率了！！！,2018-08-04,0.0,上海,syg365
674,很好看，今年最好看的一部,2018-08-04,4.5,天门,独舞856
704,挺好看，虽然剧情啥的可以猜到，不过，国产的，真的很突破,2018-08-04,5.0,北京,灰太狼饭团
734,不错，是一部良心动画,2018-08-04,5.0,兰州,樱烙
749,不错的，画质很好，情节很感人,2018-08-04,5.0,济南,晨曦恺
764,跳崖学武功，最终boss一招秒，中间还有一段让我以为自己在看狮子王，但是国漫拍成这样已经让我很惊艳了，很喜欢影片塑造的女主形象,2018-08-04,5.0,廊坊,Kev762550014
779,动漫电影，超越了,2018-08-04,5.0,银川,Ojd447538276
794,很不错，侠岚出良品！,2018-08-04,5.0,上海,帅92
809,搞笑   也很现实  画面感也非常好的  ,2018-08-04,5.0,绍兴,斯心i
824,很好看的国产动画片,2018-08-04,4.5,北京,RHU834228224
839,陪伴我六年的侠岚，真的很感动7979就是剧情转换的有点僵硬，但打斗什么的斗超棒的,2018-08-04,5.0,佛山,CMF326913266
854,挺不错的，哈哈,2018-08-04,4.0,十堰,哈哈哈77739
884,好看不做作。,2018-08-04,5.0,济南,萄菇凉198
899,直观感受：国漫在进步，故事讲的也挺好的，有喜有悲，老少皆宜，看完心情也很不错。,2018-08-04,4.5,咸阳,请叫我毛小小
914,买了票没时间看,2018-08-04,2.5,南京,无用户公名
929,真的很喜欢，特别好看,2018-08-04,5.0,藁城,iUr240202121
959,打斗场面不是想象中那么多   剧情很好  有笑点有泪点  是我看过最好看的国漫了  强力推荐去看,2018-08-04,5.0,南宁,EUi862601289
1004,为路老师打call,2018-08-04,4.0,漳州,雅殊614
1049,超好看的电影，3D效果很好。看完决定回家追侠岚05,2018-08-04,5.0,长治,冰颖h
1064,国漫，有其他电影特有的中国文字的魅力,2018-08-04,5.0,南昌,小麦熟了么
1079,男主配音没有边江大大好，祭祀那段配乐笑skr 人了嘎嘎,2018-08-04,3.5,慈溪,XiK795652948
1109,还不错，孩子表示喜欢,2018-08-04,4.0,济南,BsC280888509
1138,重返侠岚，找回童年，很有感触，值得一看！,2018-08-04,5.0,西安,阿凡达684
1139,喜欢这部电影的画风，人物都很精致，可惜有点烂尾，导演最后太随意了,2018-08-04,3.0,成都,VCO801317229
1154,国产动漫，真的强，很好看非常好看！！！,2018-08-04,5.0,天津,lnF738008847
1169,电影非常好看，我从小学就开始追侠岚了，听说侠岚要出风雨咒的大电影，我一直很期待，看完电影非常没有让我失望，剧情非常好，但是打怪一招就秒了让我觉得是这部电影的一个缺陷，所以我给8分,2018-08-04,4.0,哈密,DeW802741972
1199,不错，不错，国产动画精品,2018-08-04,4.5,南通,JayAI
1214,好看，必须的好看，不少的正流行的笑点，也有有很多自己独特的方向，本来因为有一点未注意到的点，想着打9分，可这是咱自家的作品，必须给10分，开始放歌别跑，还有呢,2018-08-04,5.0,株洲,JaW370583611
1229,好看。。。。。。,2018-08-04,5.0,郑州,ehF303471661
1244,好看，国漫加油！,2018-08-04,5.0,南京,hIU750271325
1259,看预告这画面还以为类似渣渣辉代言的那些网游广告呢,2018-08-04,0.5,广州,Tao14468
1274,好看，国产动画电影拍的不错。,2018-08-04,5.0,四平,小鱼76542
1289,超出预想太多了，真的好看,2018-08-04,5.0,成都,ZFI598465136
1304,意外的好看，不错！！！感动到我了，哭了！国漫威武0000000000,2018-08-04,5.0,南京,Bqo463338484
1319,挺好的，感动,2018-08-04,3.5,南昌,YqZ670883224
1334,第一次看国产的电影，好看，好看，值得一看,2018-08-04,5.0,丹东,小乙美容养生会馆
1349,超级棒！完美！,2018-08-04,5.0,齐齐哈尔,Jyq507568174
1364,"非常好96国产动漫出这样真的是意想不到
",2018-08-04,5.0,吉林,自恋小夫君975
1379,是特好看的电影，值得推荐！,2018-08-04,5.0,上海,浴火凤凰421
1394,可以给满分 99 但希望国漫越来越好,2018-08-04,4.5,赣州,lcC543960225
1409,很好看，搞笑又不失教育，人人都有守护的人，不过结尾那个零没有复活，有可惜,2018-08-04,5.0,长春,nOc385852953
1424,电影的画面音效非常棒！谁说中国的动画电影不如外国的！此片除了剧情稍微差点儿，剩下的都非常好。,2018-08-04,4.5,哈尔滨,东西南北满天飞
1439,完，美。！！！,2018-08-04,5.0,武汉,吴子涵4231
1454,剧情挺好的制作也不错，但是名字不应该是风雨咒应该是侠岚大电影,2018-08-04,5.0,石家庄,WqX809400203
1469,还行，剧情单薄了点，其它挺好的,2018-08-04,4.0,宁波,恒星
1484,太好看了！画质很好,2018-08-04,5.0,郑州,李罡400
1499,国漫之光，今天晚上补番,2018-08-04,5.0,西安,vOy354166396
1514,棒，超级好看，超级棒,2018-08-04,5.0,北京,fpn492865413
1529,不错  值得一看,2018-08-04,5.0,沈阳,nsn362315073
1544,属实一般。03,2018-08-04,2.5,常熟,阿成辣么帅
1559,饕餮有点不上档次，全程内容也并不能够太催泪，但故事讲的不错，虽说悬念过于明显，但也给人以感触 ,2018-08-04,4.5,郑州,SpB915179681
1589,总体还可以吧，支持一下国产漫画,2018-08-04,3.5,北京,Joshua
1604,两个瑕疵，战斗画面不够激烈，但整体还算不错，我的票数决定你的去留，我给你的是。。。yes,2018-08-04,4.0,临汾,叫我胡大人320
1619,就是蛮好看的,2018-08-04,5.0,呼和浩特,qipengpeng1985
1634,好看!真的好看!,2018-08-04,5.0,长沙,Ats535178517
1649,还可以，感觉3D效果没有侏罗纪2好。,2018-08-04,5.0,宁波,大雪无痕174
1664,特别好看，国产神作,2018-08-04,5.0,儋州,烟街斜雨
1679,好看，美好的电影,2018-08-04,5.0,武汉,XqP214754494
1694,给我看的热血沸腾的，好像又回到了少年的侠岚时代，真好,2018-08-04,5.0,葫芦岛,Hhm524920912
1724,挺不错的国产良心动漫,2018-08-04,5.0,成都,COO460647710
1739,超级级好看，比想象中的好看多了，剧中情节很精彩，特效也好，片的内容有搞笑，有感动，总之就是非常好看。,2018-08-04,5.0,太原,LTo182482319
1754,好看96969696969696,2018-08-04,5.0,平南县,Uib489950640
1784,恩......挺好的,2018-08-04,5.0,衡水,蕾蕾蕾蕾蕾蕾llll
1799,剧情发展得有点过快，但能看见这样的特效，还是比较满意的,2018-08-04,5.0,佛山,LOl928544946
1814,很激动人心，就像影中说的。有守护的人了，就不会在乎你是否有侠岚印。,2018-08-04,3.5,大连,Jaclyn ZT
1829,二刷走起！！！,2018-08-04,5.0,西安,青木52
1844,好看，看完之后我要去补原作了，值得一看,2018-08-04,5.0,亳州,h405650039
1859,很好看，很感动，值得一看，希望你们多多努力继续加油,2018-08-04,5.0,亳州,gJr355075623
1889,不错，尤其适合00后这一代孩子去看。挺好的,2018-08-04,5.0,西安,郭元勋995
1904,情节感人，音乐好听,2018-08-04,5.0,张家港,幻想她不爱我
1919,超级好看 有笑有泪,2018-08-04,5.0,北京,Unl132800851
1934,要罚就罚他俩94,2018-08-04,5.0,晋江市,Sanjay.Wang
1949,呜呜呜太棒惹！！！我吹爆！！！！！！！！！！！！！！！！！！,2018-08-04,5.0,乐山,饭团团x
1964,真是没想到惊喜！惊艳！,2018-08-04,5.0,上海,Rdw708128029
1979,完全勾起了侠岚的回忆！！,2018-08-04,5.0,四平,BHD625490723
1994,好看。。。。,2018-08-04,5.0,惠州,FIB818114231
2009,情节紧凑有笑点有泪点，挖的坑也填上了，感觉还是票价的就是看的人少，笑的时候有点尬,2018-08-04,4.5,成都,Hwjiay
2024,制作不错  剧情一般吧,2018-08-04,4.0,宁波,CYJ199403
2039,男主一声妈，背景音乐起，毫无防备的泪如雨下. 正义，亲情，爱，是电影永恒闪光的力量！中国风满满. 值得一看的电影. ,2018-08-04,4.5,沈阳,hzn887131273
2054,感觉是个3星的作品，但是为了支持国产，给4星。,2018-08-04,4.0,泸州,beiniguanzui
2069,是国产动画的崛起之作了…,2018-08-04,5.0,哈尔滨,媛媛媛媛媛小圈
2084,国漫越来越给力了！,2018-08-04,5.0,北京,小顺子
2099,二刷完还是感动落泪，《侠岚》讲述的是手中有侠岚印记的被称为侠岚，他们是守护人们的英雄。而电影升华了这个主题，没有侠岚印记的人只要心中有爱也能守护别人！还有一点就是这部电影的配乐非常出彩，而且满满的中国风，几次落泪除了剧情本身配乐有很大的功劳，真的是音乐一出就落泪,2018-08-04,5.0,成都,周爱A
2114,国产动漫崛起！！,2018-08-04,5.0,锦州,熊尾843
2129,不错不错，挺好看的,2018-08-04,5.0,洛阳,DHG660581544
2144,可以，支持国漫,2018-08-04,5.0,琼海,dLe871940783
2159,故事情节和 以往的剧情差不多。  3D 效果 不是很明显。,2018-08-04,5.0,济南,SSe485275450
2174,以己生之力护一方平安。,2018-08-04,5.0,济宁,染墨江山
2189,很好看，剧情和效果都不错,2018-08-04,5.0,武威,zoP21003060
2234,国漫这个水准至少可以的……死瞎子……,2018-08-04,4.0,深圳,拥有人格的鬼
2249,啊 边江大大,2018-08-04,5.0,宿迁,天线是条狗
2264,第一期预告片一出来就在期待了，追侠岚从小学到高中，终于得偿所愿看到了电影。风语咒很棒，气氛轻松幽默，却能在高潮时震撼人心，侠岚之名意味着守护，无论拥有元庞敕瘢拥有守护之心，便当得起侠岚的信念之名。,2018-08-04,5.0,凤翔县,时间琐忆
2279,完美的逻辑性 国漫之光,2018-08-04,5.0,泉州,SkR783413674
2294,很好看啊，支持国产动画片～虽然一开始看到画风有点像网页游戏，哈哈哈，但是真的蛮好看的，又搞笑又感人,2018-08-04,5.0,江门,VGh603729084
2309,给满分不怕骄傲！我爱画江湖！深坑老粉！感觉制作超级好！！梗超多！前半段笑！后半段哭！！哈哈哈哈哈哈哈哈哈哈哈哈哈哈哈哈哈哈哈哈哈哈“人未尽杯莫停”,2018-08-04,5.0,长春,_sina88531087647
2324,有笑点 有泪点 节奏不错 配乐好听 剧情有套路也有反套路 是不错的国漫,2018-08-04,5.0,南宁,子觉木飞
2339,风趣幽默的动漫电影，还有一些感人和道理，非常棒！,2018-08-04,5.0,廊坊,dtY840253892
2354,有些剧情安排不是很好，不过国产动画啦，还是很棒了~,2018-08-04,4.0,安阳,Silver丶无言
2369,不错，内容很感人，意料之外的惊喜,2018-08-04,4.0,岳阳,jaP625117220
2414,刷分太严重了吧，哪有这么高分,2018-08-04,0.5,淮南,cpy742
2444,很感人的动漫 不错的,2018-08-04,5.0,朝阳,Qjt746681997
2459,动画片能排出这个效果，真的太赞了，故事还不错，国产动画中的良心之作，值得支持。,2018-08-04,5.0,重庆,sNz914716448
2474,五星吧，真的侠岚我已经很久没看过了，这部电影又勾起了我的回忆，电影里的泪点很多，不得不说我特别喜欢这种类型的电影，特别是母亲变成罗刹即将变成饕餮的食物那里的，巨虐心，我一想到就想哭，这部电影里的套路也是让你措不及防，有泪也有笑吧，最后的彩蛋不知道看没看完，并不是男女主直接就在一起的大圆满结局，而是女主依旧失忆，给人一种以后一定能好起来的希望感，可以说比起那种皆大欢喜的结局我更喜欢这种慢慢浸入人心希望之感，不得不说这部电影真的是太得我心，以及最后郎明和郎敬的那个分镜真的是一下戳中我心里的一个点了，太心水这种分镜了，就是时光变迁，依旧有一个人，传承着你的信念的那种感觉？最后我们仍未女主叫什么？,2018-08-04,5.0,宜宾,nMN618072493
2489,"非常，完美。
只要守护，就是侠岚啊……",2018-08-04,5.0,青岛,哔哩倥嗒zzZ
2504,还行吧，我感觉,2018-08-04,4.0,佛山,KZr479360664
2519,电影是真的没得说，但是五排某两人，四排，还有后面的总有人说话，还有人嗑瓜子，这个素质，呵呵,2018-08-04,5.0,泗洪,xZK494931468
2534,嗯，看了之前的评论，我决定到电影院一看，前面说好的评论，要么是**，要么就是托儿，我觉得这个电影，首先故事性就不是那么强，再有电影主旨叙述逻辑很差，台词要么是插科打诨，强行突出主题，让人非常容易跳戏，真的无法与大圣归来相比。玄机科技特效可以做得很好，但是在剧本的选择上能不能再提高点呢？在这个电影中，我看到了，风语者，诸神之乱，火影忍者的影子，刘你抄的认真点好不好？,2018-08-04,2.5,南京,wizard57118121
2549,好看，剪辑差点,2018-08-04,5.0,深圳,Txs829752814
2564,我觉得很好看,2018-08-04,4.5,集美,SOx933831654
2594,好看的，画风不错，剧情也好笑,2018-08-04,5.0,永康,大盗贼
2609,挺好看的。.,2018-08-04,5.0,合肥,BpR673849090
2624,很好，孩子大人都喜欢,2018-08-04,5.0,太原,魔宴烟云
2639,完美，执念的等待。,2018-08-04,5.0,萍乡,风吹屁屁凉。714
2654,推荐大家去看。,2018-08-04,5.0,烟台,伯
2669,很喜欢的电影,2018-08-04,5.0,阜阳,KdZ439547773
2684,很赞，就是结尾太快了,2018-08-04,5.0,北京,TomatosX
2699,笑中带泪，很感动。,2018-08-04,5.0,长沙,SSj633113426
2714,非常不错 情节很紧凑 母子情很感人,2018-08-04,5.0,成都,abcd｜chen
2729,真的不错，有笑点有泪点，支持国产动漫！,2018-08-04,4.5,台州,影院浪子
2759,很好看，泪点很多。,2018-08-04,5.0,濮阳,秋酿a
2789,国内动画片顶级,2018-08-04,5.0,大连,高亮941
2819,看哭了，看笑了,2018-08-04,4.5,上海,zUQ745494212
2834,很不错，良心国产,2018-08-04,5.0,公安,睁眼874
2849,没想到一个动画片给我看哭了T^T推荐大家观看，国产动画片不可多得的好影片919191,2018-08-04,5.0,武汉,墨羽翡夜
2864,可以，非常好看,2018-08-04,5.0,宿州,雄鹰23554
2879,超乎想象。我从初中开始就看侠岚了，到现在开始工作了，近7年了。我会一直支持下去,2018-08-04,5.0,顺德,6009
2894,3D效果太差劲了，diss大地影院，虽然电影蛮好看的，所以还是给了五星,2018-08-04,5.0,随州,吁嗟鸠兮828
2924,中间剧情有点模仿捉妖记，但不影响整部剧的好评。我就记住了 那个村。真是全剧的所有笑点承包，真的强烈推荐，良心巨作,2018-08-04,5.0,南宁,ZUg308401762
2969,挺不错的动漫，我儿子说今天的电影很好看，就是结尾一直没有看见彩蛋出现过999999,2018-08-04,5.0,泉州,VZe481145287
2984,非常好看！支持国漫！,2018-08-04,5.0,锦州,我要去看电影123
3029,国漫也可以很经典，没有大团圆的结局也可以很完美,2018-08-04,5.0,武汉,klxk_kk
3044,动画制作非常，情节也不错，就是封印饕餮时候打斗过程太短了，完全没体现风雨咒多牛逼90 ,2018-08-04,4.5,上海,GOc289385026
3074,不错的国漫了，希望制作团队以后能越做越好。,2018-08-04,4.0,长沙,Phantom。688
3089,一个没有看过侠岚动漫的人竟然来看侠岚电影。。。感觉有点奇怪 。。,2018-08-04,4.0,济源,高嘿嘿ya
3104,最喜欢里面的苏兮，很好看。双马尾，是我喜欢的形象。我看过画江湖的侠岚动画，我只看了一集就没看了。一个是没时间，二是觉得和画江湖其他作品差距有点大，这次风语咒我完全是冲着画质去的，但是我觉得故事也很好，比动画版的好很多，推荐大家看，带上小朋友看，很有教育意义。,2018-08-04,5.0,成都,李华川1992
3119,非常非常好看,2018-08-04,5.0,怀化,juL209287809
3149,无法言语形容的完美！这简直就是被海报耽误的喜剧动画！,2018-08-04,5.0,深圳,yvg137294463
3164,国产动画质量在70.80后手中，不说有质的飞跃，但确实长进了不少,2018-08-04,5.0,三门峡,EOm707522149
3179,虽然在那个村这段有些牵强，但是不影响整部作品的上乘表现。被打动了，被燃到了，感动到了。国漫无敌。,2018-08-04,5.0,昆明,Silent丶无痕
3194,建行信用卡5元购票纯粹骗人，以后不会再用,2018-08-04,0.5,大同,sEA626968068
3224,"因为热爱侠岚！所以也热爱风雨咒！
这样的热血很久没有感觉到了！",2018-08-04,5.0,呼和浩特,_qq34w1364613073
3239,效果还行，剧情稍薄弱,2018-08-04,3.5,武汉,hQN710377148
3254,"十分好看
推荐",2018-08-04,5.0,杭州,EJJ524534961
3269,挺搞笑的，3d效果不错,2018-08-04,5.0,成都,JCz748963058
3284,还不错，故事可以在打磨一下，特效上还需努力，最不好的就是配音了，声音跟人物有差距,2018-08-04,4.0,杭州,彩色世界933
3314,很不错，就是感觉饕餮太脆了，出场十分钟就被主角干趴，穷奇六季才被封印［手动滑稽］期待画江湖下一部作品94 ,2018-08-04,5.0,乐山,虚伪・811
3329,"蛮不错的
？",2018-08-04,5.0,仙桃,pqhyq
3344,很棒，值得一看！,2018-08-04,5.0,营口,温柔DuR3x丶
3359,总体感觉不怎么样，画江湖之侠岚给我整个疯子，风雨咒整个瞎子，我的辗迟呢，我的辰月呢09 09 09 ,2018-08-04,2.5,蛟河,haE894293113
3374,首先剧情的构架是很好的，然后动画景致的部分表现也是非常美的，整部动画的笑料也足，对于人物的动画表现还有待加强，对于剧情这部分，整个动画要表达的情感和主题并不应该是光靠台词揭示出来的，而是应该靠情节和细节体现出来的，这是这部电影的不足，给九分是希望国产动漫电影可以有更优秀剧情更高质量的动画产出,2018-08-04,4.5,阜新,zhangleif123
3389,个人看过的国产动画电影之最了,2018-08-04,5.0,嘉兴,Ambition_Lu
3419,男主不劳而获，,2018-08-04,3.5,天津,meO664599869
3434,希望中国动画越来越好,2018-08-04,4.5,杭州,糊涂一点2010
3479,小朋友很喜欢看。,2018-08-04,4.0,郑州,seI164579282
3494,看着挺好   国产东漫越来越好了,2018-08-04,4.5,大连,jXe677986146
3509,"笑点很足，画风也很好，在电影中最后那些话触及到了内心，赞

（问一个没看懂的地方，女主最后还保留了那段时间的记忆吗）",2018-08-04,4.5,海口,又被泡封了454
3524,好看，希望画江湖再出几部系列的电影。,2018-08-04,5.0,广州,Lyn912154777
3539,模真的蛮好的，但剧情emmm若森的还想怎样94,2018-08-04,5.0,广州,你不懂。0603
3584,真心感觉国漫越来越不错啦,2018-08-04,5.0,郑州,joyo1616mm
3599,除了结局俗套牵强外，其他都很好，国漫崛起了！！,2018-08-04,4.5,湛江,羽扬8085
3614,不错的动漫，集搞笑动作，感人情节。,2018-08-04,5.0,武汉,EqI624710690
3629,人法地法天法道法自然，传说中的神功根本就不是练出来的。人与自然本就是一体的。我即是自然，自然即是我。我在驭风，风在驭我。,2018-08-04,5.0,深圳,OQP422736303
3644,笑点与泪点齐飞，非常不错的国漫，支持国漫，支持画江湖。,2018-08-04,5.0,昆明,陌小兔24
3659,纯小白观众，这个故事我还是买单的，场面由于技术或经费，有点惨。国漫继续努力,2018-08-04,4.0,上海,mozhangyong
3674,值得去看啊哦。,2018-08-04,4.5,拉萨,PsT403581176
3689,良心国漫，大人小孩都适合，既搞笑，又感动,2018-08-04,5.0,上海,刘言非语灬
3704,10分怕你骄傲，再接再厉!,2018-08-04,4.5,西安,wzh_net
3719,最好的国产动画,2018-08-04,5.0,长春,OFA492405981
3734,渣渣，全是抄袭，情节异常硬,2018-08-04,1.0,南宁,nIJ861335827
3749,没啥说的，牛逼！,2018-08-04,5.0,西安,ORi629011389
3779,超级好看，真的！！！！,2018-08-04,5.0,宿迁,wang4364288
3794,与预想的有点差距,2018-08-04,4.5,松滋,Vou820093335
3809,很不错、可能是因为一直在看画江湖跟侠岚吧！期待更好的作品！下一个应该雷系或者水系的分支雾系雪系了吧！冰系有千钧了！,2018-08-04,5.0,北京,und176107435
3884,很好看，画面也很好除了村民的群像有点粗糙之外没啥挑剔的。支持国漫！,2018-08-04,5.0,重庆,VJi582199028
3899,不错，国漫崛起了，加油94,2018-08-04,5.0,丽江,久违了362
3914,挺感人的，又能回忆起过去,2018-08-04,4.5,余姚,klO661866841
3959,很好的一部影片，有笑点有泪点，说不出啥评论，反正建议观看,2018-08-04,5.0,大连,fjE674259150
3974,效果很好，非常好看,2018-08-04,5.0,泉州,dXi170072059
3989,精彩！一点都不像国产的动画片！,2018-08-04,4.5,上海,uL奴
4018,看完了发现老爹比儿子帅！部分情节比较中二，还有就是最后一幕不会教坏小朋友吗？万一他们跳楼怎么办？,2018-08-04,4.0,深圳,ianfan1
4019,良心片，推荐有小孩儿一家人去看！,2018-08-04,5.0,北京,zGr770972641
4049,支持画江湖，，，,2018-08-04,5.0,哈尔滨,Mr＂王振宇
4064,给10分能骗一个是一个,2018-08-04,5.0,瑞安,eQe730255750
4079,挺好挺好挺好,2018-08-04,5.0,北京,南城。9296
4109,国漫真的慢慢崛起了,2018-08-04,5.0,成都,zJd892687541
4199,期待了好久的电影，唉～~0101010196给四分，辛苦制作的团队,2018-08-04,2.0,北京,iye240270304
4214,好看 本来就是若森的迷 剧情挺好的,2018-08-04,5.0,西安,near5126
4229,挺好的，感谢父母的爱。,2018-08-04,4.5,亳州,wgy662802775
4244,剧情，动画，特效无敌了,2018-08-04,5.0,北京,大圣4533
4259,相当好看！期待许久，,2018-08-04,5.0,乐山,QRT165840042
4274,好看好看，满满的正能量,2018-08-04,5.0,花都,灿灿245
4304,这些人是没看电影就评分的吗？这片子也能9.2？还卖46一张，浪费我时间！烂片！,2018-08-04,1.0,成都,janejane是谁
4319,非常棒的电影 带孩子一起看,2018-08-04,5.0,天津,＜＜＞＞602
4334,很棒，很好看,2018-08-04,5.0,无锡,Ezz970144124
4349,特别特别特别特别特别特别特别特别特别特别特别特别好看98 98 98 98 98 ,2018-08-04,5.0,滁州,RsC401296289
4409,十分为了国产动画！有笑有泪，父母的爱太伟大了！！！制作非常良心，剧情也很好看，真的为国产动画鼓掌，支持国漫！！！,2018-08-04,5.0,深圳,Xce123295329
4424,我还挺喜欢。,2018-08-04,3.5,贵阳,eQd13984147931
4439,我爆灯！！！！！！！！！！！,2018-08-04,5.0,咸阳,UIm895875889
4469,超英赶美，画风亮点，最终幻想，值得一赞!题材不错，蓄势上还欠缺火候，一部之遥，再接再厉!,2018-08-04,4.5,北京,丰行衍涌
4484,很有画江湖的感觉,2018-08-04,4.5,芜湖,SIT213280694
4499,总体来说还可以，可以说，自我感觉风语咒少了一份遵循渐进的感觉，可以这么说，就像武侠小说的主角一样，没怎么练功夫，却直接会了最厉害的大招，少的是一份缓慢的运作，主角的历练运作会给观众带来更大视觉体验，而侠岚的老观众会觉得少了一份（侠岚）的感觉，但是这部影片或许就是一份国产动漫崛起的标志吧，或许还有许多不足，但也难得可贵了。,2018-08-04,3.5,长春,php211621085
4514,非常好看，服务人员态度也非常好，真的很不错，,2018-08-04,5.0,荆门,风间临沂
4529,[cp]今日看《风之咒》，中国讲金木水火土，风的力量，五行之外。电影虽然在讲一个人的信念以及父亲的爱。但我却一直在想另一个方面，世人也常对不常见的事物，持怀疑的态度，甚至有意打压。无关紧要的旁人也就算了，自己的亲生父亲母亲呢?也常常对“不走寻常路”的孩子感到失望，“不听话”便是不对的不好的。一直要到“不走寻常路”的那个奇怪的人成功了，世人才会觉得他什么都好。希望自己以后为人父母，该多多给自己的孩子以信心，多多带自己的孩子观赏不同的世界，艺术馆科技馆电影电视游戏，让孩子养成批判的思维，不要被某种观念限制思维想法，这赤子之心，望随时间而慢慢成长，慢慢健全。,2018-08-04,4.5,成都,PhA187507157
4544,很好看，很感人的，很久没有流眼泪啦，哈哈90,2018-08-04,4.5,昆山,武元甲731
4559,中勇影加油94,2018-08-04,4.0,深圳,over
4619,很感动的一部动画，国产的很不错，挺喜欢的。,2018-08-04,5.0,遂宁,八怪666
4634,国漫诚不欺我，今天我们都是那个村的王富贵！,2018-08-04,4.5,衡水,金叶子Z
4649,就是一般般啦,2018-08-04,3.0,北京,OYj113188298
4664,特效不错，不是很喜欢CG风格的人物…侠岚出来的时候那个BGM好听，那5个侠岚打罗刹的时候很燃，然后跟多逻辑上的BUG……比入假叶的灵力可以被废，那个苏兮为啥不可以？还有为了搞笑设定的王富贵……台词略尬，BOSS太弱，最后是经费不够了还是其他原因？感觉有点滑水...,2018-08-04,3.0,阳江,杨少昆局长
4679,给场景设计，音效满分。特别是打斗场景，特别帅气，让人特别喜欢！,2018-08-04,5.0,梅州,小窗幽记210
4694,挺好的，值得一看,2018-08-04,4.5,兴安盟,iXF739528922
4709,剧情超棒！没坑！致敬大圣归来和捉妖记好评！超级感动！,2018-08-04,5.0,龙岩,墨色VVV
4724,感动    感动哭了,2018-08-04,5.0,襄阳,艾.克zzz
4739,"支持国漫，再接再厉
",2018-08-04,5.0,阳江,sRf805727778
4754,一个电影这煽情,2018-08-04,4.0,长春,吕鑫呦
4769,超级好看 看哭了，只要守护正义 侠岚无处不在。另外，请一定也好好的陪伴父母!,2018-08-04,5.0,榆树市,gmmmyyy
4784,心里有想守护的人是美好的,2018-08-04,5.0,上海,Btc875944833
4829,良心动画，真心推荐,2018-08-04,5.0,衡阳,SAK灬
4844,给中国式动漫打9分，中国动漫逐渐走向成熟，影片有血有肉有骨气，尤其是增加了情感部分，脱离了动漫即是玩一玩，只给孩子们看。技术虽然稍逊色大片，但也很国际化。英雄的成长，离不开守护孩子的父母，让人感动。,2018-08-04,4.5,呼和浩特,Vgw547967334
4859,郎明很帅，还是大长腿。90。特效非常棒，故事很一般。不过，这真的是一部搞笑片。非常搞笑。,2018-08-04,4.5,上海,jgjkj
4874,今年暑假带孩子看了两部好电影，一个是我不是药神，另一个就是这不国产动漫了，虽然为了搞笑效果有点神剧情，不过整体真的很精彩，支持国产动漫，我是个笑点低的人，喜欢神剧情DD要罚要罚要罚就发他们两，和我们没关系97,2018-08-04,5.0,潍坊,林春艳8
4889,好看好看，炒鸡好看，很细腻的人物刻画，走向很好,2018-08-04,5.0,武汉,淼丰
4904,至少要给一星，不然一星都不想给。情节从头到尾感觉像是想一出是一出的感觉，台词尴尬，剧情俗套，3D效果和2D差不多。想不通9.2的评分怎么来的。,2018-08-04,1.0,广州,lpK915412280
4919,非常好看，虽说故事发生在N年前，但设计了很多的现代网络语言和反转，幽默不失教育意义。故事情节贯穿心弦，值得观赏！,2018-08-04,4.5,成都,_tencent25319154
4949,国产动画的良作,2018-08-04,5.0,徐州,虎太郎123
4964,比较有现实的教育意义,2018-08-04,3.5,北京,TAB213231421
4979,全片透露着一种为了反套路而瞎搞的感觉98 ,2018-08-04,2.5,襄阳,zGu864313401
4994,这个电影挺不错的 有笑点 也有泪点,2018-08-04,5.0,扬州,bvq653865613
5009,很OK，良心国漫,2018-08-04,5.0,苏州,雨下等候
5039,挺好看的，笑点挺多。导演有点皮。饕餮也太容易被打败了98,2018-08-04,4.5,南昌,Cherry浅唱
5054,制作精良，剧情紧凑，幽默中带着感动，有些点哭得稀里哗啦，好看，推荐。,2018-08-04,4.5,上海,海滨夜色924
5114,不错，喜欢侠岚,2018-08-04,4.0,惠州,lDD360830457
5159,带小孩看，还可以,2018-08-04,4.5,东莞,jGa837155819
5174,除了主角崛起略感突兀外，整个剧情和效果觉得都挺好的。起初因为大鱼海棠留下的阴影，一再认为国漫肯定都是糊弄观众的垃圾，所以去电影院前也和媳妇纠结了到底要不要看，很想看，但是也怕跟大鱼海棠一样看完想打导演打编剧甚至想吐的心情……10分,2018-08-04,5.0,北京,vCt392069893
5189,非常不错的电影！好看！,2018-08-04,5.0,常德,吴慧9068
5204,中国，终于有能正确把握节奏感的动画电影啦！！！苍天啊大地啊！节奏是真的流畅啊！流畅到我都忘了这只贡献了笑点的**boss了！以及甘道夫村长您好！火影忍者您好！,2018-08-04,5.0,杭州,一窝小狼狗
5234,不错91好看也挺感动,2018-08-04,4.5,成都,Jbe988662987
5249,绝对是近期最好看的电影,2018-08-04,5.0,北京,vvlc
5264,我都没得看，为什么刚买就不能退嘛～98,2018-08-04,0.5,泸州,iti316769808
5279,很不错  结合多种套路  国漫崛起了,2018-08-04,5.0,六安,往事格调701
5294,不错值得一看,2018-08-04,5.0,本溪,古丽383
5309,不给十分都不行，太好看了！强烈推荐,2018-08-04,5.0,中山,zKm669053450
5339,后面对付饕餮太过于强大了哈哈哈其他都很满意。国产越来越强大必须五星支持 今天生日非常开心c(6106ω6107 )f,2018-08-04,5.0,绵阳,雏菊YY呀
5354,"本来个人对3D的动漫有些偏见。既没有2D的畅快感，又没有真人的真实感，尤其是人物笑起来的时候，真的很别扭。

但真个动漫的制作也看得出对细节还是很用心了，那种别扭的感觉少了很多，细节也很细致。最重要的本身是一个很好的故事，很刺激，狠抓心。虽然还是*丝逆袭的俗套剧情，但多了许多笑与泪，感触与启发，原本俗套的套路也就变得精彩纷呈。",2018-08-04,5.0,成都,动人的雷雨天
5369,可以可以可以,2018-08-04,5.0,信阳,火花9655
5384,一直是画江湖的忠实粉丝，这次的电影真的比预想的好太多，基本是这几年来觉得最好的动画电影了，希望若森继续努力，做国产动画的标杆,2018-08-04,5.0,如东,Izl125563206
5414,默默地点个赞98，挺好看的除了近视的我字看不怎么清楚以外,2018-08-04,5.0,宁乡,Forever9313
5429,中国动画有希望,2018-08-04,4.5,重庆,Xgc689829235
5444,完美，很多感人的点,2018-08-04,5.0,荆门,zhenwei407
5474,感动感动哭死了,2018-08-04,5.0,深圳,麻瓜Sup丶
5489,好看的不行不行的,2018-08-04,5.0,西安,SyViviKy
5504,看完了不想走，真的不想走，那怕是一点点的彩蛋…………,2018-08-04,5.0,黔西南,Vlj788744965
5534,挺好看的，有很多笑点，,2018-08-04,4.5,晋城,TOQ393894205
5549,真的不错 很多细节以及人物刻画和语言词句都非常打动我 特别是最后的高潮部分 整部剧有很深的寓意真的不错 “死瞎子”,2018-08-04,5.0,潍坊,DHK419852287
5564,对这种类型的片子真的是毫无抵抗力,2018-08-04,5.0,江门,UlN554789324
5579,好看，大人小孩都适宜96,2018-08-04,5.0,长沙,青瓷1734
5594,"两分给特效吧。每一个槽点喝一口水，电影结束喝完一瓶。
其他都很好，剧情和人物设定实在太瞎，如果是真人电影这剧情直接负分。张口就来的正义守护，随便就拥有的能力并没有说服力，小妖线铺那么长拜托看一个普通人如何成长为侠岚也比这有看头。开头有笑点还寄予了期望，很多点和转折太俗套了，愿望和梅姐交换这个点不错…but不尽如人意……不会死一个人…o**k",2018-08-04,1.0,西安,hhhhHox
5609,不够大气，情节可以，3d减一分,2018-08-04,3.5,郴州,Alo132
5624,好看！不管是大鱼海棠，还是大圣归来！在国漫算比较好的！,2018-08-04,4.0,重庆,Kevin510
5639,整体来说还是不错，比起其他中国动漫确实要好些，但还是有些不足，比如一些笑点过于牵强,2018-08-04,3.5,荣昌区,格叽格叽536
5654,也很适合大人看,2018-08-04,5.0,襄阳,lijianaizhuzhu
5669,超级好看还想在看,2018-08-04,4.5,沈阳,irT750086747
5684,很好看，什么时候能出电影版不良人，期待……,2018-08-04,5.0,尉氏县,熙霖霖霖霖
5699,不看就亏了。,2018-08-04,5.0,宜昌,SLJZ.
5714,特别感人，很励志，泪点那么高都把我看哭了，画江湖出的作品都很好，这部电影非常好，体验很不错，特别推荐,2018-08-04,5.0,成都,THu557649661
5729,超级好看，良心制作,2018-08-04,5.0,东莞,Done_lee
5744,故事有情节，挺不错的，,2018-08-04,4.5,深圳,GOw155191219
5759,好看好看好看,2018-08-04,4.5,十堰,游隼667
5774,有笑点有泪点，画面精致跟真人差不多，每一个细节都值得推敲，可以说是国漫里的神作了，票价再贵我还是再想多看几遍，七年侠岚粉，老粉丝对这部动漫真的想给100分的评价，可惜了十分满分那九十分致敬陪伴我整个青春岁月的侠岚，侠岚的制作人员，感谢你们，让我再次看到侠岚的崛起。,2018-08-04,5.0,莱州,浮山乐1036
5789,强烈推荐，唯一美中不足的就是排片量太低了。这是一部可以聘美之前齐天大圣的动画，画面恢弘大气，人物生动形象，有幽默，有泪水，是一部有血有肉的武侠片。从小孩子到中年人都适合看。强烈推荐！！！！！！,2018-08-04,5.0,深圳,dAE512061462
5804,剧情有点连不上、笑点又太老套...勉强及格,2018-08-04,3.0,佛山,karywu
5819,孩子看的挺好,2018-08-04,4.0,石家庄,ubc624250440
5834,侠岚风语咒好啊,2018-08-04,5.0,城固,夸张自负
5849,国漫终于让我骄傲一次了,2018-08-04,5.0,成都,Wuj584021259
5864,特别喜欢，从小学就追侠岚，看画江湖之侠岚的时候，知道要出电影，早早就计划要看，果然不负所望，特别好看，笑点也有，泪点也有，打的时候也特别酷，特别喜欢，大爱！！,2018-08-04,5.0,呼和浩特,cio891359304
5879,特效真的没得说，人物的设定不错，妹子真的很正点，画风很唯美，后面结尾的剧情感觉若森皮了98 ,2018-08-04,5.0,贵阳,杨晨1464
5894,值得观看，影片不错,2018-08-04,5.0,宁波,Mxh486231800
5909,说好看的可能都瞎了……全程的状态就是想起身离开，想到票钱咬牙坐下，想离开，在硬捱着……尬聊这是尬看！烂的一比。,2018-08-04,0.5,义乌,堡垒科鲁兹
5924,特效不错，音乐走心，笑点很多，感情戏略尴尬，若森的第一个大电影确实质量上乘，不错不错,2018-08-04,5.0,天津,WOv390482706
5939,不错不错不错！,2018-08-04,5.0,嘉善,阿岳454
5954,从初中开始的侠岚第一季一直追，到现在我高考完了，若森强大了，侠岚出了电影，真的很好看很感动。希望若森一直不忘初心，将国漫发扬光大。,2018-08-04,5.0,佳木斯,oJL355311804
5969,很好看我会介绍的,2018-08-04,5.0,常州,PZn307332259
5999,emmmmmm  人设丑了 尤其是假叶娘娘97 但是总体还是不错  毕竟是我大侠岚,2018-08-04,5.0,西安,GQh520572057
6044,比任何一部国产动漫都好看 。哭了,2018-08-04,5.0,天津,aGm804555671
6059,超好看！超喜欢,2018-08-04,5.0,昆山,YoR911593063
6089,很好看，还很感人，喜欢！,2018-08-04,5.0,伊春,LSU576843502
6134,真是艺术瑰宝！91 ,2018-08-04,5.0,惠州,文艺流氓！
6149,儿子非常喜欢《侠岚》，知道这部电影后非要在首映当天看，昨天我回家比较晚，一家人还是去看了最后一场。我的感觉呢，片子挺好看的，只是原来的侠岚人物面目全非了，更喜欢他们之前的形象。,2018-08-04,5.0,遵义,YbY462874493
6209,脸盲症的画风 男的女的一个样 让人没看的欲望,2018-08-04,0.5,武汉,xkaitbb
6224,看到了中国动画的崛起！大崛起！！！171717171717171717171717,2018-08-04,4.5,杭州,聂栋杨
6239,久违的国产良心！剧情紧凑不拖沓，人物塑造精确到位，中国风元素融入得自然得体，煽情不动声色，不为了造梗生搬硬套，特效场景庞大而精致，真是感动中国了,2018-08-04,5.0,西安,GVT187617222
6254,看了，好看，这么多年了，支持。就是我辰月戏份太少了。,2018-08-04,5.0,乌鲁木齐,能力的重要性
6269,电影很好看，很精彩  感动哭了,2018-08-04,5.0,高州,王国培1995
6284,好看90979797979797,2018-08-04,5.0,南宁,龄方180
6299,画面唯美，但是剧情一般,2018-08-04,3.0,武汉,ceu519060805
6314,众侠岚给我上,2018-08-04,5.0,海城,wPE842495044
6329,"超级好看！
",2018-08-04,5.0,南昌,蔡奕恒
6344,国产电影能拍成这样，非常了得,2018-08-04,5.0,株洲,Aut758985782
6359,精心制作精心之作,2018-08-04,5.0,鞍山,帅支支
6389,总的来说，没有辜负我的期待,2018-08-04,4.5,睢县,iXa140020865
6404,非常好看，泪奔,2018-08-04,5.0,洛阳,ramboj1
6419,真的好看，不管有没有侠岚印，都可以守护正义。,2018-08-04,5.0,长沙,oxo485113623
6434,"感觉真的是一部很完美的电影
全程无尿点
特效也很好看
国漫在进步大家都很开心",2018-08-04,5.0,新昌,zhX303028039
6449,还好，剧情悲壮。,2018-08-04,4.5,慈溪,YlN682300755
6464,可以说是国漫电影继大鱼海棠的有一大突破了，但是打斗的分镜不是太好呢，有点眼花缭乱的感觉。总之支持国漫！请多多加油！,2018-08-04,5.0,滁州,mlY390203197
6479,好看好看好看,2018-08-04,5.0,枣阳,欧尼欧尼哈
6494,额度不舍得离场了,2018-08-04,5.0,东莞,Gwp804850137
6509,期待蛮久了，挺不错的,2018-08-04,5.0,临沂,WR忍
6524,挺好看的，国产动漫加油！！,2018-08-04,5.0,西安,甜酱君
6539,对于国产电影来说，跟大鱼海棠有的一比，建议去电影院看一次,2018-08-04,5.0,昆山,sfb954364668
6554,太糊了 眼睛难受,2018-08-04,2.5,芜湖,懵.圈
6569,完美，旁边好多美女,2018-08-04,5.0,广州,Sxb966140633
6584,还不错。。。,2018-08-04,3.5,天津,李明慧979
6614,自认为暑假做的最有意义的一件事，总算没荒废这个暑假，支持96 ,2018-08-04,5.0,上海,一哈583
6629,特效可以，剧情还不错，挺感人的…,2018-08-04,5.0,青岛,云先生
6644,国漫的崛起。,2018-08-04,4.5,盘锦,mBg938874094
6659,剧情太烂了，不知道为什么还这么高分，可见有多假，坏人召唤个BOSS就死了，BOSS出现2分钟烧了个村子就被封印了，然后结局，不是不支持国产是真心编剧**！,2018-08-04,0.5,武汉,Erj863623827
6689,很舒服的观影感受 好电影就是能够触动你的心,2018-08-04,5.0,武汉,farewell.988
6704,很感人，感情处理细腻，适合和爸妈一块去看,2018-08-04,5.0,上海,uMq604714758
6719,很感动，应该带孩子看看,2018-08-04,5.0,郑州,哦www
6734,真的很棒！有哭有笑。电影很精致，很动人！,2018-08-04,4.5,吴忠,hRm126285300
6764,支持国漫，特别有含义,2018-08-04,5.0,上海,未来走进心
6779,非常好，非常感人！,2018-08-04,5.0,扬州,青春的边
6794,"电影很不错 有笑点有泪点画风很好声优也超级棒
国风崛起_(:_」∠)_",2018-08-04,4.5,聊城,无奈的人生75
6824,很好看，没有让我失望,2018-08-04,5.0,大庆,PkY487577822
6839,感觉还好吧，感觉跟侠岚没什么不同,2018-08-04,4.0,深圳,《默许》
6884,精彩滴国漫，加油94,2018-08-04,5.0,宜昌,吉米易
6899,一般般，不怎么样,2018-08-04,3.0,广州,吴宏桢whz
6914,刚开始有些抗拒这种动漫式的电影，但是影片真的没让我失望，笑中带泪，真的特别好！！,2018-08-04,5.0,佳木斯,睿364
6929,打斗特效非常不错，过程中也有些让人眼前一亮的部分，但整体剧情太过敷衍，看完以后真没什么好的感觉。,2018-08-04,2.5,中山,SSR877
6944,真的不知所为,2018-08-04,1.5,湛江,相忘江湖945
6959,看哭了，信不？,2018-08-04,5.0,遂宁,wiE109913506
6974,特别特别好看，有笑有泪，故事情节紧凑，画面还是挺震撼的，对于国产动画来说算是很不错了。带孩子一起看的。孩子也能投入的看进去。很喜欢推荐。,2018-08-04,4.5,成都,政lv
6989,太好了，国漫之崛起让我看到了希望,2018-08-04,5.0,四平,HZf660394171
7004,还可以，很一般,2018-08-04,5.0,娄底,bZG289392394
7019,国产片可以制成这样，已经很不错了，看到了进步,2018-08-04,4.5,孝感,likai586586
7034,给个十分吧，不过分。,2018-08-04,5.0,新郑,qzuser79532
7049,最后瞎仔还眼睛开始泪崩了,2018-08-04,4.5,成都,jOb907867359
7064,有拼西凑的故事，混乱的表演，就剩下效果了。,2018-08-04,3.0,莱阳,溥博
7094,支持国漫，感动到哭。场内哽咽声一片,2018-08-04,4.5,常州,艾青
7109,国产动画电影的佳作，虽然剧情依然老套，但主线清晰，张弛有度，重点是画风精美，用心之作，值得一看，会继续支持下去，期待下一步作品。,2018-08-04,5.0,深圳,ptm614729880
7124,国产良心，好评,2018-08-04,5.0,南充,bSk686782396
7139,超级好看，有笑点，有泪点，特别棒的一部电影，值得一看！！！！,2018-08-04,5.0,海口,zXu490746943
7154,也算励志片吧，坚持梦想才能够成真,2018-08-04,4.5,柳州,李雄974
7169,国产也有神作,2018-08-04,5.0,深圳,hYr580393385
7184,挺不错的，有泪点有笑点,2018-08-04,4.5,新余,somnus峰峰
7199,不好看  不好看  大家千万不要看  评分最多1分！  太难看了！！！！！,2018-08-04,0.5,吴江,ojn702651995
7214,因为临时有事情没有看呢，下次再定吧,2018-08-04,3.5,潍坊,稀土部队521
7229,国漫是越来越好了，要故事有故事，要视觉有视觉。,2018-08-04,5.0,昆明,来段纯洁吓唬谁
7244,好看特别好看,2018-08-04,4.5,襄阳,安神
7259,若森出品果然没让我失望，从小追随侠岚，长大了追随画江湖，这次的电影真心不错，希望来年可以再出电影，最后祝若森以后的制作更加精彩！,2018-08-04,5.0,襄阳,yhA773807449
7274,这部动画片不错，三个娃一致好评！大人孩子都很喜欢看！孩子最好是上了小学的，太小看不懂！,2018-08-04,4.5,东莞,mjR646693266
7304,《风语咒》，中国古风色彩动画片，画面精美而细腻，单看这电影里的罗刹比起《长城》里的饕餮画的好看多了，而且整体故事也有意思，那个村的王富贵算是很好笑的梗，给8分。,2018-08-04,4.0,成都,阮阮rcc
7319,排片和看的人都不太多。但是确实很好看。希望更多的人知道 更多的人关注。  国产动漫比成人电影好看太多了 希望大家多支持。因为这部电影找不到与他相配的词来赞美他。,2018-08-04,5.0,杭州,毛果芸香碱wlp
7334,不愧是若森出品,2018-08-04,5.0,包头,浴火银河
7349,很好看.. 泪点笑点特效都还不错.. 虽然不完美.. 设定或许需要点基础？ 但我国神话大国这设定都不明白怕是？ 剧情跟大圣归来剧情走向差不多.. 所以缺点也相仿.. 此外评论就好好评论.. 别TM踩一捧一.. 每个人的喜好不同.. 你大鱼也有人不喜欢..,2018-08-04,5.0,沈阳,Ssp584110777
7364,带小孩子来的，很好看。结合了中国古典文化，又引入了风，很棒,2018-08-04,5.0,成都,adR319114995
7379,还行吧，整体太黑了。坐在后面有些看不了咯。,2018-08-04,3.5,长沙,HiHi你的益达
7409,非常好看的一部动漫！值得一看哦，,2018-08-04,5.0,鞍山,QTe617833460
7424,建议大家不要在猫眼APP买票，在他家买票比其他APP买票最少贵出10元钱，而且还收手续费，我今天看的电影在万达实体售票29，他家卖39，这是我头一次在他家买票就被骗了，显示活动购票最后按最高价钱收费，联系客服就是推脱，真是最后悔的购票,2018-08-04,5.0,大连,关怀天下666
7439,相当得好看，国产良心产品,2018-08-04,4.5,上海,AndioM
7454,非常不错的动画，国产良心作品！,2018-08-04,5.0,哈尔滨,A马亚文
7469,人物都超帅啊啊啊哈哈哈感觉男主闭着眼睛的时候好看哈哈哈,2018-08-04,3.5,杭州,lnl537705781
7484,国产动漫良心，剧情不是很严谨，但是作画真的厉害了,2018-08-04,4.5,南宁,污渎
7499,国漫崛起之作,2018-08-04,5.0,滁州,Arunta
7514,一个人不需要多大的能力，最重要的是勇敢守护自己的家人。,2018-08-04,4.0,濮阳,yingjie1071211
7529,制作精良，剧情刻骨铭心，值得一看！,2018-08-04,5.0,沈阳,王哈哈320
7544,看在国漫的份上   给个7分吧,2018-08-04,3.5,临汾,rqF110999503
7559,环境很好离我家很近，下次走路去都可以。,2018-08-04,4.0,成都,夏天98622
7574,值得一看，好看,2018-08-04,5.0,舒城,hqm102571932
7589,剧情泪中带笑，特效绝不五毛，故事骚而不妖，未见饕餮真容略显单薄！,2018-08-04,4.5,南京,PQE289156628
7604,有不足的，但是很好看。,2018-08-04,5.0,合肥,Qhv475986327
7619,全程都有点尴尬,2018-08-04,2.5,合肥,NaQ847974398
7634,很感动，画面也很精致，一个普通人也许并没有太多的追求，但他总会有自己想要守护的人，而这个人，可以让他付出一切，包括生命。,2018-08-04,5.0,广州,望月778
7664,不错！主题很好！不只是小孩看的动画,2018-08-04,5.0,溧水区,kest123
7679,后半段哭成泪人了，很棒，该燃的地方燃，该掉眼泪的使劲的掉，特效与配乐很中国味道，充满诚意和心血的作品，让人看的真是过瘾！！ 给满分！！！,2018-08-04,5.0,乌鲁木齐,Master.K
7694,"《风语咒》这部国漫真的超出了我的预想，一边看，一边吐槽，一边哭。总体人物刻画细腻，音乐很有特色！唢呐、琵琶还有rap，这三个是我记得最清楚的。特效场面真的无可挑剔，画风美，细节精致，手抽筋的富贵特写手部的时候特别逼真。主角盲人刻画丰富，但也有着明显的主角光环。剧情有点俗套，结局有点太快了，是正反派式的电影，但剧情感人，感染力强。我很喜欢旁白的一个词，叫做“义无反顾”。我们都是普通人，生来平凡，但我们却可以因为爱自己的人，和自己爱的人而变得强大。也只有让自己变得强大了，才能保护自己想要保护的人。每一个平凡的人都是不平凡的人。
总之，强烈推荐


还有，出现字幕的时候先别离场，有彩蛋哒",2018-08-04,4.5,景德镇,Vjl406041687
7709,时刻都在高潮，很感动，非常好看,2018-08-04,5.0,乌鲁木齐,刘子墨281
7724,很好很好看哈哈哈,2018-08-04,5.0,南通,FJT660431726
7739,整个动画细节做的特别好。剧情也比较紧凑。就是结尾有些仓促。,2018-08-04,5.0,嘉峪关,JCt797534110
7754,"优秀，优秀，优秀！重要事情说三遍！！！！我都不知道怎么评论！突然想起了鸣人，全村的耻辱变成了全村的骄傲！两度落泪，真的！！！看完久久都不能平复心情，世间不能辜负的就是真情！！
以上，来自徐二硕的眼泪与微笑:）",2018-08-04,5.0,昆明,徐二硕
7769,真的很棒，吐血推荐。,2018-08-04,5.0,杭州,TOV985371558
7784,好看，很好看，侠岚印,2018-08-04,4.0,南京,哓哓倪199
7799,好看，还有点感动。,2018-08-04,5.0,东莞,白痴281
7814,太好看了。。。,2018-08-04,5.0,上海,魏为军
7829,看了影评才看的电影，真的没让我失望！剧情很感人！,2018-08-04,5.0,南昌,kuf433899207
7844,原班人马好评(o^^o)配音团队好评(o^^o)配乐好评(o^^o)看得出来团队是用了心的，打斗场面十分精美，值得一看,2018-08-04,5.0,广州,YzS956069490
7859,挺好看的呢，有特效，挺搞笑，故事也不错哦,2018-08-04,4.5,南京,毛毛雨lh
7874,感人肺腑 好看,2018-08-04,5.0,荆门,XGq685253061
7889,好看 流了好几次眼泪,2018-08-04,5.0,湖州,神衣匹克
7919,非常好看的国产动漫，支持！,2018-08-04,5.0,白银,neJ787052690
7934,《风语咒》怎么说，套路挺一般的。没什么特别打动人的情节。当然，一定感恩父母,2018-08-04,3.0,商丘,芳＆丫头
7949,国产动画进步非去，太棒了,2018-08-04,5.0,青岛,Ifq804406500
7979,"“愿以己身守一方净土之人，被称之为侠岚”。
笑点满满又泪点满满
良心作啊啊啊!近期以来看过最好的电影
王富贵说的那番话真的有触动到我
每个人都有想守护着的人和物啊
一定要勇敢，去为自己爱的人而执剪
""不是侠岚那又怎样，就算是瞎子又怎样。""
真的是很惊艳的一部国产动漫了",2018-08-04,5.0,阳江,A超级轩
7994,支持国产，去看下。,2018-08-04,5.0,诸暨,sOj284448317
8009,因为我个人的原因看到一半没看完就走了 但就前半部分（我看过的部分）而言 觉得是很好一部影片,2018-08-04,5.0,郑州,BEST_TZY
8024,好看，国产动漫有希望了。,2018-08-04,5.0,杭州,agj990184784
8039,怎么说呢，做一个公允的评价，剧情方面新颖度还可以，其实看电影多的人应该都会猜到会在朗明父亲那里有一个伏笔，但是梅姐变成罗刹这个确实没想到，剧情这里比很多院线片要强（比如某杰之某王）。特效方面无可挑剔，感情戏加的也算可以，总体我觉得十分满意，让人意犹未尽，而且片尾曲十分好听，和片子完美契合。其实我觉得这种动画片受众应该是青年，小孩子不懂爱情，中年人可能觉得幼稚,2018-08-04,4.5,沈阳,寒号鸟853
8054,支持国产动漫,2018-08-04,5.0,常州,馋猫爱吃鱼v
8069,情节一马平川……的确特意加了很多段子……有精彩的，也有尴尬的……就很一般,2018-08-04,3.0,武汉,DIC208257929
8084,画江湖的侠岚系列，这部剧场版挺赞的,2018-08-04,4.5,深圳,wGA390063042
8099,"太好看了
，特别感动",2018-08-04,5.0,溧水区,qlA928876046
8114,整体还可以，特效也可以，但是后期就制作的比较简单，高潮部分时间太短，。,2018-08-04,4.0,成都,bkB875404323
8129,有笑点有泪点。就是没尿点。国漫良心之作,2018-08-04,5.0,仙桃,PRW778463944
8144,好看！好看！好看！,2018-08-04,5.0,江阴,HVk940397052
8159,不计较细节还是可以看的,2018-08-04,4.5,南京,bzn652581188
8189,我不是漫画狂热爱好者，觉得很不好！可能进步很大，我没看出来。,2018-08-04,0.5,新乡,大眼猪挨着电猪
8219,电影非常不错,2018-08-04,4.5,射阳,一步乐逍遥
8234,画江湖的老粉，必须支持！,2018-08-04,5.0,唐山,yFQ432592415
8249,完美。支持我哥第一次参与制作的动画电影。,2018-08-04,5.0,宜兴,饲养员的小神犬
8294,反映了，母亲的伟大,2018-08-04,5.0,天津,微笑感染你683
8309,真没啥意思，真不知道那么高的评分怎么来的,2018-08-04,2.5,苏州,信阮
8324,国产动漫一样完美,2018-08-04,5.0,杭州,lei168888
8339,没有想到动画片竟如此震撼心灵，直击泪点。谢谢导演,2018-08-04,5.0,杭州,穿三角裤四出得瑟
8354,感觉挺好看的,2018-08-04,5.0,南京,李泽言的盆栽
8369,超级好看，适合亲子观看,2018-08-04,5.0,四平,IpI916308861
8429,一般般一般般,2018-08-04,3.0,株洲,俩俩398
8444,不错不错，值得一看，片尾曲也挺好听的,2018-08-04,5.0,青岛,大老王大人
8459,……………好看,2018-08-04,5.0,驻马店,guo目分
8474,好看得很啦！,2018-08-04,5.0,贵阳,黄继品
8519,很热血，还会再来,2018-08-04,5.0,曲靖,吴倩小姐姐
8534,故事情节好，效果好，很棒!,2018-08-04,5.0,天津,IYj223074618
8549,"“如果我儿时看过侠岚，那我那时候的梦想一定是成为侠岚”
        在现实面前，他的侠岚梦破碎得连渣都不剩，众人指责，他试图争辩什么却也无话可说，连当初的一群小跟屁虫，都哭着声讨他，小孩子的哭诉是最让人无法承受的，扔向他的侠岚印把他砸得一无所有，连最后一点儿念想也没给他留。
       后来他守护了他们，他曾经的小跟屁虫说“不管他是不是侠岚，他都在保护我们”，他们举起了稚嫩的小手，手心朝着他在的方向，这是所有人对他的认同，再回过神来，已然泪流满面。
        某个瞬间，我也想举起我的手心里的侠岚印，尽管我已经过了那个可以随便疯疯癫癫的年龄。",2018-08-04,5.0,新野,未漠未孤
8564,亲子时光必选的电影，赞91 ,2018-08-04,4.5,天津,Hfv202671353
8579,国产动漫越做越好，继续努力,2018-08-04,4.5,西安,吴卫戈
8609,编剧不行啊。剧情不好,2018-08-04,3.5,肇庆,DCE920436271
8624,和小偷家族一起看，落差有点大。早稻大大画的海报比动画好看。故事人物变化以及那个早早埋伏的挂都经不起推敲，有制作水准却没法同时把故事讲秒。细想当年大圣归来 其实也是同样情况，可人家占尽了天时地利人和大火了一把。不过，至少主创们没有把成人观众也当成学龄前，这也好让这部动画还是值得捧场。,2018-08-04,4.0,上海,rrn660916218
8639,好看   喜欢男主,2018-08-04,5.0,南充,timing7303
8654,良心嘉做  ,2018-08-04,5.0,苏州,okZ230288234
8669,好看，我喜欢99兰姐,2018-08-04,5.0,晋江市,Acg479124362
8684,还可以，带孩子看，起到了教育的作用,2018-08-04,4.5,昆山,灰色世界387
8699,那个村！！！,2018-08-04,5.0,中山,Nlq349326808
8714,还可以 但是抄袭的稍微有点多啊 具体抄袭了哪些 就不一一点出来 不然太不给编剧面子,2018-08-04,4.0,呼和浩特,dpn262285614
8729,不错！！！,2018-08-04,4.5,昆明,FjE349815438
8744,90后老阿姨路过，扬我国（漫）威，几年前追过“伸出你的左手”，又想重头刷一遍了，外加霍尊参与风雨咒此曲，总之很满意呢90,2018-08-04,5.0,东台,GTf18352813855
8759,画江湖一直都在看，这次的大电影也挺不错的，既有搞笑，也有感动，有一个情节我朋友都看哭了，挺不错的，值得一看。,2018-08-04,5.0,杞县,lUs438276811
8774,很棒的国产动画啊，不止是画风不错，故事也好，有笑有泪正能量。台词有趣全场爆笑了好几次,2018-08-04,4.5,北京,爱吃牛排的招财猫
8804,非常好，父母的爱总是那么无私，要珍惜现在所有的,2018-08-04,5.0,北京,灬灬小贱贱
8819,国产动画越来越好!!!,2018-08-04,4.5,泰州,想长胖的瘦子854
8849,虽然是动画片，但是不建议带着孩子看,2018-08-04,5.0,济南,ahX942307092
8864,我这个80后带着三个00后看的热火朝天，真的超多笑点！祭祀的那段笑死我了。那个村的事情真的太好玩！,2018-08-04,5.0,长葛,UzU388173978
8879,泪点和笑点并存 好电影,2018-08-04,5.0,昆明,ft663
8894,还行吧～呼呼,2018-08-04,4.0,绍兴,guoyi123456
8909,嗯！不仅是国漫的崛起！而是国漫的良心之作，一个有血有肉，有情有意的国漫，怎么不叫人感动呢！8年的守护，不仅仅守护的是国漫的成长，而是从幼稚脱变成熟的的过程，从头到尾不仅有笑，尤其是死瞎的对他父母的情感，对零的情感处处催人泪下！观众看着虐心！画面上打斗感觉像游戏，生物膜，有待改进！嗯!加油！国漫加油!,2018-08-04,5.0,哈尔滨,遇见美好的意外
8924,好看，，又感动又搞笑,2018-08-04,5.0,深圳,UnaYL
8939,好看好看，期待了很久。一直都喜欢画江湖系列，好评好评98,2018-08-04,5.0,邳州,qzt329958154
8954,特别好看！！！,2018-08-04,4.5,开封,时光无声3175
8984,我的假叶啊，心疼,2018-08-04,4.0,乌鲁木齐,XeB970907239
9014,特效好 国漫可以做到这样了 棒 感觉剧情有点短  有感触的泪点,2018-08-04,4.5,长沙,Salon
9029,在看不清楚的道路上，蹒跚摸索着变坚强。,2018-08-04,5.0,任丘,迷宫海角
9044,非常好看，剧情好，画风秉承画江湖系列的风格，配音员很多也是画江湖里面的人物配音，良心国漫，希望下次出不良人，杯莫停，换生门生的大电影。,2018-08-04,5.0,惠阳,pengyihuihui
9059,呵呵，写的就是侠岚外传。不跟动漫有联系，很好看，小孩特爱看,2018-08-04,5.0,襄阳,Igt13545303143
9074,别出现大胖子大瘦子娘娘腔死人妖就更好了，他们出现总会出戏,2018-08-04,3.5,许昌,还我五分钱
9089,我感觉我是看到过的国内3d的前端了，有些剧情免不了俗套但是，我看得很爽啊！！！总之就是，炒鸡棒的！！！,2018-08-04,5.0,仁寿,北方芦屋
9104,很不错，看到侠岚的，再接着看这个就能看明白了，搞笑，热血，情义,2018-08-04,5.0,北京,McR379660791
9119,喜欢这样等风格，喜欢这样的情感交流，,2018-08-04,5.0,黔西南,ljM310656505
9134,毫无尿点，全程坐着尿都没拉过。,2018-08-04,5.0,广州,顶焦度282
9149,值得看的一个电影,2018-08-04,4.5,深圳,nzl406834614
9194,很不错，就是很多侠岚里面有的。,2018-08-04,4.0,深圳,hhl611911
9209,挺不错的...有喜剧部分...也有感人部分...,2018-08-04,4.5,延安,Qian影_
9284,还行吧，剧情有些老套了呀。有些地方总感觉略显生硬，整体动画效果是非常棒的，推荐,2018-08-04,4.5,宜宾,果冻4123
9299,画质还是很不错的，题材选的也还可以，不算很老套，中心思想也比较用心，用的来说算是动漫电影里做的比较成功的一部了！,2018-08-04,3.5,海伦市,樱桃777
9314,剧情还可以，希望可以制作出更好的作品,2018-08-04,5.0,东莞,WBU773569549
9344,真的堪称完美，我不知道用什么语言来形容我现在的心情，友谊，热血，亲情。我仿佛看到了国漫的未来，一片光明！,2018-08-04,5.0,哈尔滨,XME432600449
9359,又勾起我看侠岚的兴趣！！,2018-08-04,5.0,寿光,CrA463596728
9389,挺好看的，应该支持,2018-08-04,5.0,海口,WaO957887544
9419,可以，不e吧,2018-08-04,5.0,郑州,qcS311228130
9434,特别好看  很感人  让人体会到感情的魅力,2018-08-04,5.0,天津,GnC730831839
9449,小妖孽很好看,2018-08-04,5.0,北京,腾、lonely
9464,好好看，喜欢。,2018-08-04,5.0,广州,不是兰伯特的小鱼
9479,动画片追剧了很久了 没想到拍成电影了给个满分,2018-08-04,5.0,苏州,pob881914195
9494,还不错，我觉得,2018-08-04,5.0,合肥,交通小民
9524,太好看很感动,2018-08-04,5.0,大庆,NFZ628522376
9554,好看，好看，搞笑，,2018-08-04,5.0,昆山,莳Y
9569,"我的天啊这一年来绝对是最好看最好看的电影(1711ω1117)1779
从来没看过比这再好看的国产动画
路知行大大配的男主超超超超好！
那句  孩儿们  天天天天哪！！！
还有边江大大配的假叶好中二(7070)
啊啊啊啊啊不行了意犹未尽啊啊啊啊
想二刷啊啊啊啊啊
啊啊啊啊啊十分十分绝对十分
不怕你骄傲",2018-08-04,5.0,邹城,plh514291461
9599,好看的，有几段超燃，也有感动，也有搞笑，国漫很棒的939393,2018-08-04,4.5,滨海,等我飞过去
9614,不想多说了，从来没有这么喜欢一部中国的动画片，这部影片并不只是单单的有趣，其中夹杂的亲情爱情都是人世间必不可少的。让人回味无穷∞，希望可以出下一部！期待！,2018-08-04,5.0,大连,AB02
9629,不错，我居然有共鸣！,2018-08-04,4.5,深圳,飞鱼制作551
9644,有泪有笑，老少皆宜，值得推荐！,2018-08-04,5.0,济南,李峰4884
9659,有趣尤其是祭祀的哪一段,2018-08-04,5.0,长春,姚德明943
9674,非常棒！还要再看看！,2018-08-04,5.0,太原,一米阳光7049
9689,好看，国产片加油吧,2018-08-04,5.0,合肥,毛哥MVP
9719,非常非常不错，超过了我的预期,2018-08-04,5.0,常州,阿宝分数线
9734,一部好看的电影,2018-08-04,4.5,北京,郝海峰400
9749,okk，力荐,2018-08-04,5.0,天津,aZN424530607
9764,好看好看好看,2018-08-04,5.0,抚顺,提莫的小蘑菇
9779,"非常好看 ， 超级喜欢侠岚
",2018-08-04,5.0,中山,灰尘Z
9794,一部充满爱的电影，喜欢,2018-08-04,4.5,东莞,小辉5870
9809,什么鬼垃圾，剧情无比老套，强加情感戏，情节走势断层，垃圾垃圾。。。。,2018-08-04,0.5,武汉,JNZ338107391
9824,真的很好啊，侠岚是我的童年，若森数字的制作很值,2018-08-04,4.5,泉州,Irf457189282
9839,"侠岚是陪伴了我整个初中的国漫！《风语咒》这片子勾起了那时中二的回忆。大圣归来，大鱼海棠，大护法。国漫不是崛起而是王者归来
给路老师，边大和山大王打call",2018-08-04,5.0,栾城,gYz263703358
9854,没有预期的精彩02 02 02 ,2018-08-04,0.5,遂宁,李春592
9884,看两遍了，超级好看，感觉到了经费在燃烧～值得追一追～,2018-08-04,5.0,大连,布丁好好吃
9899,不错，小朋友很喜欢。,2018-08-04,5.0,芜湖,GVO913373517
9914,还可以吧动画片,2018-08-04,4.0,武汉,老鼠爱上猫
9929,"我是看了胡可带着安吉和鱼儿去看，才想看的电影
画风是典型的我印象中的国漫风，但是剧情连贯性还不错，中间也没有看到想睡觉的感觉，连我妈都说挺不错的，虽然是卡通片[捂脸]（我弟说了好多遍这是动漫，不是卡通片）
唯一的bug就是，我不太喜欢用黑幕来转换场景，可能定在某个景的转换，我更愿意接受，总体我觉得还好。",2018-08-04,4.0,东莞,nEP937821229
9944,希望国产动漫电影更上一层楼,2018-08-04,5.0,台州,葛俊杰226
9959,真的好看到爆炸！全程鸡皮疙瘩了解一下！如果不是旁边的小哥哥一直在说骚话，我真的眼泪在眼眶打转，硬生生的被憋回去了，真的好看91。,2018-08-04,5.0,上海,ogr708633703
9974,不错，有笑点有泪点，国漫现在真的挺棒,2018-08-04,5.0,岳阳,twb8656
9989,很好看，推荐！笑点也有，也很感人,2018-08-04,5.0,杭州,tYl370306724
10004,剧情衔接不够，梗不错，望努力！,2018-08-04,4.0,杭州,奈何桥173
10019,好棒，有欢声笑语、有感动流泪,2018-08-04,5.0,深圳,ENa664956726
10034,追画江湖已经四年了，从初二开始，到现在也该上高三了，画江湖多数动漫的结局都比较狗血，所以我不太看好这个电影，但作为画江湖的忠粉，我买了张点映的票。但看完电影让我对画江湖刮目相看，点映评分九点多不是吹的，电影很感人，剧情丰富，全程几乎无尿点，需要备好纸巾。剧情绝对对得起所有画江湖粉丝，之后上映还会再去刷。,2018-08-04,4.5,洛阳,拖高小青龙
10049,电影情节还可以，就是画面感不太满意！,2018-08-04,5.0,阎良,银子4372
10064,侮辱智商，千年的老梗还在用，我有句话要对你说，说什么了，你倒是说啊,2018-08-04,2.0,西安,幼儿园老大453
10079,好看的！值回票价,2018-08-04,5.0,成都,这个昵称吊不吊
10094,超级好看，良心动漫，支持！,2018-08-04,5.0,沈阳,夏沫inner
10109,这世间最好的，便是守护,2018-08-04,5.0,贵阳,Vsb814973118
10124,好看，有笑点，有泪点，无尿点。,2018-08-04,5.0,重庆,rVT181964842
10169,完美！亲眼目睹了国漫的崛起，支持若森,2018-08-04,5.0,天津,王士u504
10214,中间有一些狗血清洁，但是整体还是很好看的，画质也很好，希望国产动漫能有更好的发展,2018-08-04,4.0,泰安,Treacherous2014
10229,武侠迷不容错过～,2018-08-04,5.0,柳州,熊柳文
10244,前期搞笑，后面煽情。一部动画电影干嘛那么煽情，让我流眼泪。,2018-08-04,5.0,繁昌,zme833455125
10259,泪点，燃点，笑点都不少，推荐推荐,2018-08-04,5.0,上海,aCV109239304
10274,这部影片值得高分，推荐！,2018-08-04,5.0,襄阳,缘3515
10289,值得一看，国漫良心,2018-08-04,3.5,咸阳,dFM609312825
10304,三迪的电影，没有多少三迪的感觉，但是还是值得一看的,2018-08-04,4.0,孝感,梁威力的mt
10319,国漫现在越来越好了，有些地方还挺搞笑的。还不错,2018-08-04,4.5,朝阳,方方方圆
10334,非常棒，值得观看,2018-08-04,5.0,佛山,WCC210340201
10349,这算是我看过最好看的一部国产动画，边江大大的配音让人鸡皮疙瘩都出来了,2018-08-04,5.0,启东,syh0210
10364,凡人亦英雄，守护即幸福,2018-08-04,5.0,任丘,亚微原丽美合伙人
10379,看得出国漫的进步！赞,2018-08-04,5.0,沈阳,爱吃的missy
10394,影片是一部关于一个担当、责任与爱的故事，虽然是动漫，故事虚构，但故事也挺感人的！对于国内动漫来说，效果相当不错了！每部电影都有自身的不足，我们做为观众，抱着一种欣赏与尊重来看待中国电影，少一些批评，我觉得会更好，我相信中国的电影，会越来越好！！！,2018-08-04,4.5,乐山,岁月静好2194
10409,很感动 ，很喜欢,2018-08-04,5.0,从化,nTW898390080
10424,真的是太感动了，我好喜欢啊！我都哭了01。,2018-08-04,4.5,哈尔滨,冯梅305
10454,我心中的古典武侠奇幻,2018-08-04,5.0,薛城,莫拉瑞
10469,电影有点伤感   剧情很感动,2018-08-04,5.0,珠海,阳滴滴958
10484,还可以，挺好看的,2018-08-04,4.0,东莞,xwJ561496824
10499,超级好看,2018-08-04,5.0,烟台,PINK_C.c
10514,我希望最后小妖孽能活过来他们两个能在一起就好了看着都要哭了,2018-08-04,4.5,宜昌,陷阱467
10529,好看，真的好看,2018-08-04,5.0,眉山,VYX458335150
10544,剧情一般，特效尚可,2018-08-04,3.5,万州,RQp313980266
10559,很棒，搞笑和情感元素相结合，有笑点也有泪点，值得一看,2018-08-04,5.0,南宁,考拉A
10574,不错哦，挺震撼的,2018-08-04,4.5,南安,云2174
10589,国产动画电影终于崛起了！希望拍出更多更好的作品！,2018-08-04,4.5,白山,江山待有新人出
10604,有搞笑，有感动，希望男主女主的故事还没有结束。,2018-08-04,5.0,咸阳,陈治明396
10619,结局稍微有点尴尬，其他都不错,2018-08-04,5.0,广州,不败的家
10634,电影还是不错的，值得一看！,2018-08-04,4.5,潢川县,极简色调！
10664,很好看，喜欢里面的每一个人物,2018-08-04,5.0,达州,nOl263991056
10679,人物动作表情做的特别出彩，比平时动画感觉高了一个档，配音水准都很高，剧情和bgm有点像芒果台古装奇幻连续剧，有时会有一点尬但是不影响大体。总体还算欧凯，男主的颜甚得我心，非常可爱，啊还有分镜做的特别漂亮！,2018-08-04,4.0,南京,疯狂的鼠标100
10694,"只能勉强算及格，只能体现国产动画的技术水平有了一定提高。
电影脱胎于动画片侠岚，人物都太脸谱化了:为了孩子甘愿变怪兽的母亲，潘磕嫦的小瞎子，英勇为民的侠岚们，还有本质不坏的小妖孽。这些是十年前的影视人设吧。
至于画面、音乐什么的，都非常平庸。因为有大鱼海棠，对国产动画电影有了更高的期待，现在看来为时尚早。",2018-08-04,3.0,北京,kDR442565934
10709,超级烂，超级垃圾,2018-08-04,1.0,成都,SWC23106292
10724,国产动漫每年都在进步,2018-08-04,5.0,泰州,WAp540740760
10739,剧情跌宕起伏，有泪点有笑点，国漫新高度，小孩，大人都可以看，侄儿笑个不停。,2018-08-04,5.0,西安,nHs932334060
10754,太好看了！,2018-08-04,5.0,瓦房店,洛云小少爷
10784,很不错，值得推荐！,2018-08-04,5.0,深圳,Joanna8357
10799,国产动漫巅峰,2018-08-04,5.0,重庆,小树9583
10829,动画效果不错，剧本有点弱，再接再厉,2018-08-04,3.5,深圳,cBu730562319
10844,很感人的一部影片，超级好看,2018-08-04,5.0,射阳,Pcd259741319
10859,很不错的一部国漫。期待这样的好电影越来越多,2018-08-04,5.0,丽水,REA481411212
10874,剧情太不给力,2018-08-04,2.5,廊坊,zyhsb
10889,挺搞笑的，不错的一部电影,2018-08-04,4.0,西安,xIt532470993
10919,非常值得一看,2018-08-04,5.0,大庆,wuE318671243
10934,巨好看，国漫万岁,2018-08-04,5.0,阎良,L小志。
10964,还行吧 和朋友去看的,2018-08-04,5.0,三河,qPz941684190
10994,我一个大男人看哭了?实在是太感人,2018-08-04,5.0,东莞,zIY593707487
11009,"风语咒，  浓浓的仙侠风。
画风细腻唯美，对白幽默风趣，
电影插曲配乐也很好听。
故事情节也很精彩。
为国漫的崛起加油喝彩！",2018-08-04,4.5,南阳,漫步清风0377
11024,剧情太拖沓。。,2018-08-04,3.0,西安,FwT369667809
11054,"一部能记住几百个人的名字的电影…
剧情思路很清晰，结构紧凑，笑点泪点都有，最后还被一行字戳了一下，很是可以了。",2018-08-04,5.0,无锡,西木muu
11069,很好看，画面很棒,2018-08-04,4.5,无锡,NpX654757628
11084,非常不错的一部影片，很感人,2018-08-04,5.0,调兵山,Vjk598334691
11114,饕餮：作为本片最大的实力反派并享名上古四大凶兽之一的我，出场时间五分钟，特写镜头还没三个，被十五六岁刚学会风遁的主角吊起来打，直接杀了我吧，别封印我这么麻烦了，俺不想陪你们演续集了。,2018-08-04,3.5,广州,Water9506
11129,挺好的，继续完善,2018-08-04,3.5,哈尔滨,四月天8100
11159,国产的，有进步。加油,2018-08-04,4.5,大庆,张静7667
11174,看侠岚七年，看电影时候特激动，辗迟他们出场一瞬间就想喊的冲动，特效真的很棒，内容也很好，要不是没钱没时间都想二刷，点大赞！,2018-08-04,5.0,乌鲁木齐,独上西楼4373
11189,也太好看了吧,2018-08-04,5.0,张家港,bbbccc208
11219,剧情勉强及格，不过几个催泪点还有视觉效果确实很炸天。,2018-08-04,4.5,日照,hab74956787
11234,超好看，国漫崛起,2018-08-04,5.0,新昌,sei495510813
11249,感动到爆73大人孩子都爱看,2018-08-04,5.0,亳州,PAm990337832
11264,剧情不是特别好,2018-08-04,3.0,武汉,nBr480441755
11279,好看好看好看,2018-08-04,5.0,呼和浩特,JF661
11294,太棒了，故事情节有深度，很有意义的一部电影，很励志!建议家长们带上小孩一起看,2018-08-04,5.0,深圳,cyR280717438
11309,良心国漫，差点看哭了,2018-08-04,5.0,大连,rUp945900780
11324,为国产致敬！看电影以来第一次评论，从小看着国产电影一点点壮大，我爱中国,2018-08-04,5.0,淮北,UrW866961364
11354,非常好的动画电影 很感人,2018-08-04,5.0,北京,tmn836481501
11369,为什么不让他有一个完美的结局010101,2018-08-04,4.5,淮北,繁华、如画580
11384,看的很感人。好评(o^^o)，超级好。,2018-08-04,5.0,沈阳,sunny1990cai
11399,特别好看， 没看的可以去看看,2018-08-04,4.5,花都,懵懂青年573
11414,可以，值得去看,2018-08-04,5.0,襄阳,伯辕
11444,第一次看动漫，真心觉得它超级棒。,2018-08-04,4.5,蚌埠,PgD801105703
11459,无语，真动画片，糟糕的台词，狗血的剧情，困得不行,2018-08-04,4.0,无锡,DJd602396834
11474,作为国产片  特效和音效是算很好了 但是剧情没有新意了  看开头就知道结尾了 总体还是挺好的,2018-08-04,4.5,孝感,okS234321792
11489,剧情还可以，说教类的台词太多了,2018-08-04,4.0,上海,小明6226
11504,非常完美！！！！！！,2018-08-04,5.0,乐陵,wWh794668004
11519,近年来最不错的动漫了！！！,2018-08-04,5.0,西双版纳,三桔三三
11534,太感人了，看了两遍,2018-08-04,1.5,龙岩,mEz452485871
11549,对比去年的大圣归来 这次就没准备把故事作为卖点 只是搭起来一个电影的框架 剩下的秀就完事了 还好真的秀起来了,2018-08-04,3.5,深圳,qjS645508936
11594,画风是真心不错，全片基本都没有崩坏的地方，人物还是一样的好看。剧情方面也算是一个有伏笔完整性强的故事了，有泪点和感动点，整个片子的关键词是“守护”，片尾的彩蛋也算给各位观众圆了个缺憾吧。推荐指数五颗星～评分完全可以的。,2018-08-04,5.0,长治,白龙4811
11609,剧情完整度，台词精彩度，画面精良度，国漫新的高峰，最主要，故事很动人,2018-08-04,5.0,海口,般若龙象
11624,画风很好 情节曲折 故事新颖 **够高 爸爸伟大,2018-08-04,4.5,苏州,mtgyb
11639,好看啊，直接看哭三次，结局也很好。,2018-08-04,5.0,邵阳,松冈栗
11654,感动，动人，绝对好,2018-08-04,5.0,沈阳,BPt784589437
11669,这是我认为看过最好看的国产动漫，真实而感动，值得一看,2018-08-04,5.0,呼和浩特,qsp366899704
11684,很好看，不错的,2018-08-04,5.0,郑州,kaf311
11699,还阔以！！！！！,2018-08-04,4.0,广州,DwC797639344
11714,支持国产动画好看,2018-08-04,5.0,乌鲁木齐,pJw107842753
11744,挺好的，剧情感人，画风也不错，国漫崛起，只要继续用心，我们继续支持！,2018-08-04,5.0,漳浦,DKH774152496
11759,挺好的，故事衔接不是太好,2018-08-04,5.0,北京,udZ715816129
11774,还可以吧，国漫毕竟在慢慢成长，人物塑造也还可以。语言的话一直是这种略微带着尴尬的笑点，基本主人公也是平凡觉得自己不平凡，然后在经历之后成长再如何如何的，对我来说片中亮点就是亲情那一部分，前面的伏笔埋的有些太浅，最后结尾感觉有些仓促，打斗这种的做的还不是很够。总体来说也是可以的……总之，国漫继续加油(25 6106_6107)25啦~~,2018-08-04,4.0,南京,Gyk307293388
11789,不错哦！国产动画还可以,2018-08-04,4.5,盘锦,CRA168571157
11804,很好看，感受到中国AR的技术,2018-08-04,5.0,平罗县,开心果42434
11819,英雄莫问出处，爱便是正义！侠岚，不止来自玖宫岭。（结尾的彩蛋为嘛不是凭借自己的能力复活她！！！！！！！！！）,2018-08-04,4.5,长清区,唐越527
11834,全程完美。爱情，亲情，剧情，无一挑剔。最后彩蛋，一路小瞎子，瞬间感触良多，不到泪点，却让人无语凝噎,2018-08-04,5.0,黔西南,_qq2cd1401355723
11849,感觉还不错，比较搞笑，但是彩蛋有点雷,2018-08-04,3.5,莱芜,jvd306126825
11879,制作有了，故事欠点！,2018-08-04,3.5,河源,lAf529582644
11894,故事还行，3D效果不太好，给8分,2018-08-04,4.0,深圳,MmG228160497
11924,真的是国产动画片巨制！看了近的特写鹰和真的一样！就是拍片少看的人少！赞一个 真的好看。,2018-08-04,5.0,丰县,￡飞＃翔§
11939,非常好很棒！！！！！,2018-08-04,5.0,周口,雨染忆迷离丶
11954,第一部真正戳中泪点的国产动画，虽然它不是一部有多么奇幻剧情的动画，但是它所宣扬所坚持的精神和信仰会真正的叩问人的内心，久久不能平复,2018-08-04,5.0,晋中,sbw772405147
11969,吹爆！！！！！,2018-08-04,5.0,广州,玖4309
11984,又一部大鱼海棠,2018-08-04,2.5,唐山,鲸逝
11999,看到最后差点哭了,2018-08-04,5.0,吉安,笑看风云淡642
12029,很好看了，特效很不错了,2018-08-04,4.5,博白县,vnS297358168
12044,酒魔溃疡集装箱,2018-08-04,4.5,花都,NOR423860908
12059,整体比较幼稚，适合青少年和孩子，充满正义感，很喜欢结尾那一句“只要心怀正义 我们每个人都是侠岚”。其中有很多情节是比较感人的，亲情和爱情还有童年的回忆，都挺好的。就是个别台词有些故意搞笑了，不怎么自然。总体还可以，可以和孩子一起去看。,2018-08-04,4.5,兰州,芷若芷若.
12074,很好看电影不错,2018-08-04,5.0,丹阳,RNc567134683
12089,电影内容总体来说很不错，很人性化，就是服务态度不好！,2018-08-04,3.0,珠海,MWh307199634
12149,特别好看，画质情节都到位。国产动画片有希望了,2018-08-04,5.0,大连,麦扣mzmz
12164,好看  推荐爸爸带小孩去看,2018-08-04,5.0,长沙,Enb999149972
12179,动画制作有很大改观，故事一般般,2018-08-04,3.5,杭州,xczxxzx
12194,不值得特地去电影院观看,2018-08-04,2.5,永州,ningci943
12254,一部以歌颂父母对子女无私的爱为主题的电影，我以前没看过画江湖，看完这部电影就决定要去补这个系列的动画。这部电影在动画电影中算很不错啦，画质清晰，画面细腻，剧情也蛮连贯的。梅姐为了让郎明复明，不惜变成罗刹成为饕餮的口粮，变成罗刹之后，只为看一眼儿子眼睛看到了没，被儿子烙了个v字在额头上（是个笑点也是个泪点），最后郎明收复了饕餮，所有人都复原了，梅姐的v字也…ps边江大大的声音真的是识别度高,2018-08-04,5.0,佛山,rxm171831024
12269,"哪怕手上没有侠岚印，依旧可以伸张正义。当自己被他人否定的时候，唯有相信自己。
这世上总有真心爱护你的人，父母为了孩子，可以奉献一切，哪怕是豁出性命。",2018-08-04,5.0,鄂州,YANGYANG633
12284,很好，确实比我想像中的好，非常推荐你们去看！,2018-08-04,5.0,公主岭,k先生187
12299,很好的电影。,2018-08-04,5.0,汕头,TZp687270526
12314,开头和结尾很棒呀～特效和音乐都不错～但是中间冗长有点点无聊。总体算是佳作，中国动画水平看到了进步～～～不过中间有部分情节和之前的一些电影颇有雷同之嫌，让人惋惜。,2018-08-04,4.0,上海,ZUi18817837850
12344,剧情可以，感情可以，直戳我心,2018-08-04,4.5,增城,HwC322236413
12359,看到辗迟他们出来的时候，听到那熟悉的BGM ，真的太激动了,2018-08-04,5.0,化州,千与千寻7404
12389,今夏最好看的影片无疑了  为数不多的拍给大人看的动画电影,2018-08-04,5.0,青岛,xtF837033088
12449,还是不错的国产动画片…特效越来越好了！,2018-08-04,5.0,中山,Hardgs
12464,良心之作 不错,2018-08-04,5.0,南阳,JOc120769262
12479,各方面都还不错！还是有看点的。,2018-08-04,5.0,宁波,tmp248811546
12494,还算是不错的片里面有很多细节和梗会有一种回忆的感觉在里面，比如大鱼海棠大圣归来杯莫停还有捉妖记的影子。但是剧情没那么出彩希望若森在剧情上多下点功夫吧。也希望国漫越来越好,2018-08-04,4.0,常州,IeL259934517
12509,超好看  不仅画风好看  剧情也很到位  就是打斗部分少了些,2018-08-04,5.0,成都,brg152003705
12524,国漫翻身力作，看完的感觉堪比大圣归来。期待国漫多出点这种良心作品，挑毛病喷的真不知道怎么想的，就是因为这些人阻碍了国漫发展,2018-08-04,5.0,成都,Luk312757408
12539,特效不错，就是剧情一般,2018-08-04,3.5,广州,qzuser
12584,剧情有一些老套，中国风效果做的不错。,2018-08-04,4.0,长治,尘封的旋律
12599,很感人，好看,2018-08-04,5.0,普洱,杰生挚爱
12614,感动到了，笑点也多，感触颇多！,2018-08-04,5.0,宣城,OkB961211876
12674,这部电影很好看，展现了中国漫画的进步。让我惊讶。这比大鱼海棠还要好看。,2018-08-04,5.0,内江,沐子2258
12689,好看！很感人！！,2018-08-04,4.5,威海,王夫人www
12704,还挺好看的耶,2018-08-04,4.0,清远,WlN235053535
12719,很好，很感人，也很有趣,2018-08-04,4.5,河间市,佳3626
12734,非常感人，剧情出人意料，但有些地方似曾相识,2018-08-04,4.0,商城县,Vln446354507
12764,哭了哭了哭了,2018-08-04,5.0,长沙,nRE787198484
12779,"快乐风男太狠了
",2018-08-04,4.5,新密,MuQ516794032
12914,5分给后面一点点儿的激情个感动，什么玩意儿，从头尬到尾，你拍中国风动漫，加什么乱七八糟玩意儿进去，抖音段子都加进去了，厉害了啊喂，跟大圣比，啊呸，原谅我说脏话了。,2018-08-04,2.5,顺德,咸鸭蛋儿丨。
12929,我觉得还不错，虽然剧情可能有一些老套，但是这不能成为不好的理由，情节很连贯，能融入其中，画面感也不错，支持国漫，希望以后能越来越好。,2018-08-04,5.0,大竹,Buleike
12944,红了眼，戳了心,2018-08-04,4.5,滨州,UMB197990442
12959,"这是一部值得二刷并为之献出膝盖的国漫，它用快节奏的叙事风格、成熟的画风，以及人们耳熟能详的网红语言，证明了画江湖出品，必是良品。
尤其是片中男主角与父母的情感线安排，突破了以往中国传统武侠英雄都无父无母的孙悟空式出身。
片中的音乐也非常棒，尤其是祭祀那段rap，堪称经典。其他的曲子也很赞。
导演对影片进行的结构非常有趣，除了侠岚，其他人包括主角和反派，都是帅不过三秒。这种快节奏的剪辑风格，反而更能凸现导演对影片整体性的把握，
好片子，值得二刷三刷，请影院多给排片，我们期待看到更多这样优秀的国漫精品。",2018-08-04,4.5,昆明,阿修罗
12974,很不错，笑点和泪点，剧情的发展，看完之后还有唏嘘感慨就值得去看。,2018-08-04,4.5,烟台,陈翔宇235
13004,国产动画第一，没的说,2018-08-04,5.0,深圳,李林虎
13019,画面制作精良，故事深度还是不够！,2018-08-04,4.0,淄博,PBr796836173
13034,从小学五年级看的动漫一直到现在。战歌起的时候真是一身鸡皮疙瘩,2018-08-04,5.0,哈尔滨,离衍645
13049,国漫崛起希望吧，虽然剧情最后有点急，感觉更偏重致敬意味，不过真的不错,2018-08-04,5.0,天津,OfY791286118
13064,中国风，精美绝伦，有意境,2018-08-04,5.0,临汾,今天有小雨了
13079,画面和剧情都挺不错故事也挺感人不过结局不悲剧。这点非常喜欢。,2018-08-04,5.0,沈阳,睡到，自然醒
13094,真心不错，国漫崛起里程碑,2018-08-04,5.0,广州,拒绝原味
13109,好看，电影院看风语咒的满做了！！！,2018-08-04,4.0,银川,Dqk507273140
13124,很好看 ，精彩搞笑。也有戳中泪点的地方，画风很完美，喜欢建议去看,2018-08-04,5.0,昆明,Jer262817054
13139,非常好看.....,2018-08-04,5.0,南昌,王义明248
13154,好看，国产良心。,2018-08-04,5.0,郑州,zPL241762898
13169,是我今年看过最烂的电影。,2018-08-04,0.5,石门,张喵喵喵143727
13199,有笑点、有泪点、有内容91,2018-08-04,5.0,鸡西,飞鸟墨鱼
13229,比真人演得更好，特效杠杠滴！,2018-08-04,5.0,京山,花般喵漫
13244,剧情有点简洁了，总体还是挺喜欢的，,2018-08-04,4.0,南京,bQe527277408
13259,为中国电影加油,2018-08-04,5.0,大连,oXx337368550
13274,支持国漫、好看、好看,2018-08-04,5.0,连云港,一初夏、
13289,很好看，特意穿了古装去看的，哈哈,2018-08-04,5.0,南京,CGv283170836
13304,你告诉我，反派都是那样大笑吗？能不能理智点,2018-08-04,2.5,西安,随风64353
13334,嗯，画风特别喜欢，而且感动,2018-08-04,4.5,济南,gJi677388566
13349,好，这是我至今为止看过的最好的中国动画片了，没有之一。终于不剽窃了，中于有自己的动画风了，情节终于丰满了，中午不再**了。。。哈哈哈,2018-08-04,5.0,深圳,PaQ728968621
13379,前面我觉得还好，后面突然就爆发的风力，觉得好牵强,2018-08-04,4.5,莆田,AVB346181185
13394,还可以！有档次,2018-08-04,4.5,厦门,兔子已成精lh
13409,谁说国漫不行的！！！除了欠我一个彩蛋！！！,2018-08-04,5.0,成都,黎倾玖
13424,不错，值得推荐，很有深度的电影，也很符合中国文化。,2018-08-04,4.5,杭州,稻草9033
13454,人物不够生动，故事有些虎头蛇尾，打不了高分。,2018-08-04,3.0,渭南,QHS658129293
13469,好看好看，有始有终，看得很爽。,2018-08-04,5.0,杭州,YXY768198552
13484,节奏太慢影响感光,2018-08-04,1.5,石狮,qul958276835
13499,还不错吧，支持国产动画片！,2018-08-04,4.0,成都,happy小好
13529,打起来带劲，深情起来戳心！此刻除了这句话真的没有更好的形容了！满分，必须满分！,2018-08-04,5.0,抚州,仙姜
13559,emmm暂且给个九分，给不了十分,2018-08-04,4.5,绍兴,DiuRabit
13574,相当于看了一场3d电子游戏。,2018-08-04,4.5,兰州,Tony8876543
13589,好看好看好看,2018-08-04,5.0,大石桥,xo
13604,震撼牛逼拍得不错,2018-08-04,3.5,哈尔滨,kvK262791773
13619,国产动漫中的好作品，和大圣归来有一比，前半部非常搞笑，后半部非常感人。侠岚，中国的蜘蛛侠，超人。这样的片子多些，再多些。中国的孩子心中需要有本土的英雄。,2018-08-04,4.5,郑州,松子清茶
13634,真心好看，值得推荐,2018-08-04,5.0,成都,Crystal33894
13649,没去看，我弟弟看，说不错,2018-08-04,5.0,兰陵,hVG788973045
13679,"剧情丰富 画面感没我期待的那么惊艳！继续加油！若森数字。
",2018-08-04,5.0,深圳,cim286896948
13694,国漫的进步。,2018-08-04,5.0,南京,yAO187304784
13709,太好看了，十分感动,2018-08-04,5.0,烟台,多话的食人妖
13724,算是国产精品,2018-08-04,4.5,萍乡,无序300
13754,国产电影要熬出头,2018-08-04,5.0,珠海,散芒果
13769,"支持国漫
支持画江湖系列",2018-08-04,5.0,大连,sKH928643464
13784,好看已经三刷,2018-08-04,5.0,临沂,pyd330905965
13799,制作还算挺精美，剧情简单，儿童电影。,2018-08-04,3.5,泉州,LGL399536561
13814,"好看，挺逗的
蕴含中国传统文化",2018-08-04,5.0,松原,O轻语
13829,比预想的好看，支持国产～,2018-08-04,5.0,邳州,eHj609823671
13844,确实值得一看,2018-08-04,4.5,石家庄,异次元的魔术师
13859,画风情感剧情都蛮不错的，整过过程很轻松，就是最后决战的时候有点虎头蛇尾，封印下没了。,2018-08-04,5.0,合肥,SVN374207920
13874,超级好看。。不够看。。,2018-08-04,5.0,安庆,积木池子
13889,好看好看好看,2018-08-04,5.0,兰州,妮…408
13904,不错，值得一看,2018-08-04,5.0,无锡,wangxun925
13919,好棒啊！超级棒！不辜负我对侠岚的期望！！国漫厉害了！不辜负我追了七年，支持！,2018-08-04,5.0,西安,锄禾7129
13934,挺感人，棒棒哒，若森必须支持,2018-08-04,5.0,广州,小群群405
13949,真的蛮好看的，整个电影院都在哭。很适合带大些的孩子去看。,2018-08-04,5.0,南昌,sbN160069473
13964,有笑亦有泪。,2018-08-04,5.0,秦皇岛,隐匿匿匿
13979,非常好，制作精良，不输外国大片,2018-08-04,5.0,贵阳,zquypb1
13994,我觉得这是我最近看到的最好的片儿了,2018-08-04,5.0,鞍山,nyH309191987
14024,还是可以，不过没想到是动画,2018-08-04,4.5,绵阳,pSu692617913
14039,我的老师真nb,2018-08-04,4.5,成都,ktG543514513
14054,"男主自会双目真的是莫名其妙。不过有画江湖的影子，人未尽，杯莫停。
两段rap配乐是败笔。
国产良心cg动画。
搞笑中有一丝猥琐，然后又有点凄美，是若森的风格。",2018-08-04,4.0,上海,QrF311072941
14084,超级喜欢，画风很赞，故事看完很有感触。边江大大和路老师以及其他配音小可爱的配音还是超级好～,2018-08-04,5.0,泗洪,aES453026661
14099,"太完美的结局反而不完美
观众能猜出主角下一步想干什么
但是，支持国漫，画风很好",2018-08-04,4.5,云阳,温缃
14114,一般一般一般一般一般一般一般一般一般一般一般一般一般一般一般一般一般一般一般一般一般一般一般一般,2018-08-04,5.0,北京,wzq404602497
14174,还行吧 就那样,2018-08-04,3.5,石家庄,zz快乐小妞
14189,太好看了吧01 01 01 01 01 01 ,2018-08-04,5.0,昆明,！1529
14204,泪点满满，特效爆炸，中国动漫有希望，以后谁敢说中国动漫辣鸡！,2018-08-04,5.0,顺德,dYB670443492
14219,不错 从画面到音乐都很好 剧情也很连贯 而且笑点很多也不尬 后面也很感人很热血 喜欢 不过还是觉得后面打饕那段太快了 有点紧凑,2018-08-04,4.5,赣州,MIAO_峰景
14234,感觉侠岚被削了，打个假叶还费了半条命,2018-08-04,4.5,石狮,WIX437132084
14249,力顶国漫，融入中国风，良心制作。虽为搁浅蛟龙，但总会扶摇直上。祝中国动漫越来越好！,2018-08-04,5.0,晋城,终不离兮862
14264,很好看的电影，大爱母爱情爱等都有体现,2018-08-04,5.0,乌鲁木齐,JgJ514825360
14279,笑点泪点兼具！！国漫真的崛起了，有剧情有三观，八月影片密集的情况下还能得这么高的分已经说明了一切！！强推！,2018-08-04,5.0,武汉,要吃盐酥鸡的小七
14294,一直支持，很燃，好感人的,2018-08-04,5.0,吕梁,洛生827
14309,国产动画 终于看得过去了,2018-08-04,4.5,重庆,zxg654516385
14324,电影很好的强调了侠岚精神,2018-08-04,4.5,深圳,gUR858158170
14339,情节紧凑，故事叙述比较完整,2018-08-04,5.0,北京,gem00111
14354,很好看  动画作的也很不错,2018-08-04,4.5,北京,peacefire
14369,要是最后的打斗还能更精彩一些就好了,2018-08-04,4.5,广州,ioA163425760
14384,真的不错的，无论是故事还是情节之间的衔接，包括抒情部分和斗争部分还有喜剧部分都安排得刚好，不过分。其次就是有很多经典的东西，列如一些BGM用的是世界著名曲目野蜂飞舞，还有我们中国的诗经关雎，以及一些我们周围生活的东西，所以推荐!,2018-08-04,5.0,信宜,Ttl352126430
14399,给个赞，不错的,2018-08-04,5.0,芜湖,FzE938838477
14414,推荐侠岚迷去看！也很适合新萌去看！画面精美，剧情精彩！,2018-08-04,5.0,赤峰,囡囡9981
14444,这电影炒鸡好看，看的都泪目了，旁边的姐姐一直在哭，想看的朋友赶紧买票,2018-08-04,5.0,深圳,Mr.Li9497
14459,很好的国漫   剧情挺好  喜欢,2018-08-04,5.0,铜仁,ngu489645772
14474,主人公妈妈为了他的眼睛复明变成罗刹 他为什么又要自废双眼/ 假叶一个人打侠岚六七个也绰绰有余 为什么要借饕餮之手干掉侠岚 摧毁大地/风语咒的魔力在哪里 主人公怎么就把掉下去的陀螺吸过来了 然后通过风？把饕餮又吸进陀螺了？,2018-08-04,2.5,桐城,MONGOL800474
14489,这部电影是真的皮。,2018-08-04,5.0,贵阳,争做五好新青年
14519,还不错，感觉结局有点仓促。,2018-08-04,4.0,咸阳,XSg119592936
14534,强烈推荐大家观看国产动漫良心剧作风语咒,2018-08-04,5.0,郑州,就图
14564,"还可以
比肆式青春好看",2018-08-04,3.5,合肥,阮阮709
14579,画风还行，就是剧情不是很好,2018-08-04,2.5,北京,金波6937
14594,很好看，我喜，语言很搞笑欢,2018-08-04,5.0,白山,fpy231010090
14609,说实话我一开始是来看高清版侠岚的，但是整个影片给我的感觉是非常惊艳，可能是因为我一开始并没有对这部电影抱有太大期望的原因，建模的精致程度一般，有几个镜头的渲染程度也不到位，国产3d动画电影的通病，前一个镜头场面做的非常好，下一个镜头很粗糙就非常容易出戏，这个现象在辗迟第一次登场的时候非常明显，但是这段也是整部影片的第一个燃点，配乐非常不错，流畅的动作加上光污染，看着非常过瘾，真庆幸这次他们没有喊技能名字，火离水坎什么的，剧情虽然老套，但主题非常不错，亲情和爱情，声优的表现是一个亮点，没什么违和感，听起来很舒服，片中的几个插曲也比较不错，和剧情很搭，比大圣那个飞一样的感觉强多了，吹爆，写不下了啊,2018-08-04,5.0,长春,Gzk281210746
14624,很不错，画风很好，但是，boss被秒的太快了,2018-08-04,5.0,深圳,YtM265158840
14639,挺良心的国产动画电影,2018-08-04,5.0,石狮,无某人405
14654,一般一般一般,2018-08-04,2.5,景德镇,YiWen824
14699,在我的记忆里，除了邪恶，就只剩你了。,2018-08-04,5.0,合肥,苏苏可爱嘛
14714,一般的微妙…,2018-08-04,5.0,汉中,氓218
14729,孩子配音不好，其他可以,2018-08-04,5.0,杭州,木叶汐
14744,生命换愿望这个点很不错，还挺感动的。,2018-08-04,5.0,广州,sunny
14759,好看好看好看,2018-08-04,5.0,成都,GNV889629465
14789,还可以，故事情节比较衔接。,2018-08-04,4.5,邯郸,AsU599149776
14804,非常好的国产动漫～虽然不能说是顶级，从剧情，意义，情感，效果，场面，都很不错。适合大部分年龄观众，有对亲情的强调与回归，有村民的淳朴与善良，有英雄的呼唤，有生活的恬淡，既有对人们把握初心，追逐梦想的勉励。又有对孩子孝亲的教育和引导。有娱乐气息而不用力过度，有现实意义而又不生硬。大片强任强，且听风语，轻抚守护大地,2018-08-04,4.5,天津,eFX684450084
14819,搞笑   感动并存,2018-08-04,5.0,苏州,super春阳
14834,挺值得看，最后阿兰的片尾曲真好听,2018-08-04,4.5,如皋,hBd755230193
14878,觉得不好看能退钱么,2018-08-04,0.5,绍兴,赵富贵12138
14879,太垃圾了，还抄袭别人的梗，还明显,2018-08-04,0.5,上海,bsu52427870
14909,不错不错，只是想支持一下国漫，没想到出乎意料的好看！剧情无需过多要求，笑料不断，画风成熟，动作流畅，诚意推荐！,2018-08-04,4.0,福州,Ab4268
14924,跟儿子一起看的，挺好，感动，爸爸守护着家人，妈妈守护着儿子，儿子守护着爸妈，一家人如此甚好,2018-08-04,5.0,昆山,菜菜8112
14939,挺好看的 很励志,2018-08-04,4.0,六安,高楞君君
14954,看之前看了一些差评，不抱希望，纯属陪小朋友去看，看完后觉得绝对有9分，比同期也在9分的某部喜剧精彩多了，小朋友还想再看一遍。,2018-08-04,4.5,广州,XaL742613907
14969,好看，带弟弟一起去的。由侠岚导入，情节扣人心弦，爱情、亲情，有笑点也有泪点，总之，我觉得很好，很成功，看完了都觉得不够！,2018-08-04,5.0,桂林,yl何事秋风悲画扇
