data-id,城市,美食,票数
28261,恰西,没有,0
24660,栾川,没有,0
10446,宜兴,没有,0
10186,丽江,腊排骨,1659
10186,丽江,水性杨花,995
10186,丽江,酥油茶,727
10186,丽江,鸡豆凉粉,709
10186,丽江,黑山羊火锅,561
10186,丽江,汽锅鸡,250
10186,丽江,野生菌,223
10186,丽江,杜鹃花炒蛋,16
11558,南通,没有,0
17362,昆山,没有,0
10487,大理,破酥粑粑,792
10487,大理,饵丝,622
10487,大理,三道茶,445
10487,大理,凉鸡米线,274
10487,大理,酸辣鱼,244
10487,大理,砂锅鱼,106
10487,大理,生皮,62
10487,大理,弓鱼,43
10487,大理,卷蹄,4
10487,大理,腌螺蛳,1
15992,塔尔寺,没有,0
10807,昆明,老奶洋芋,276
10807,昆明,汽锅鸡,140
10807,昆明,云南米线,42
10807,昆明,烧饵块,40
10807,昆明,大救驾,20
10807,昆明,野山菌,9
10807,昆明,豆焖饭,8
10807,昆明,路南乳饼,1
10807,昆明,紫米八宝饭,1
10121,泸沽湖,猪膘肉,213
10121,泸沽湖,咣当酒,101
10121,泸沽湖,酥理玛酒,85
10121,泸沽湖,烤鱼干,7
10121,泸沽湖,花花糖,6
10121,泸沽湖,苦荞粑粑,3
10121,泸沽湖,猪血肠,2
10121,泸沽湖,砣砣肉,2
10121,泸沽湖,腌酸鱼,2
10121,泸沽湖,泡梨,1
13326,许昌,没有,0
10482,香格里拉,酥油茶,544
10482,香格里拉,酸奶,318
10482,香格里拉,青稞酒,254
10482,香格里拉,糌粑,75
10482,香格里拉,琵琶肉,16
14499,商丘,没有,0
11773,泰州,没有,0
11304,马牙雪山,没有,0
10809,西双版纳,水果,270
10809,西双版纳,烤鱼,159
10809,西双版纳,酸笋,24
10809,西双版纳,炸牛皮,12
10809,西双版纳,香竹饭,9
10809,西双版纳,罗嗦,8
10809,西双版纳,喃眯,3
14458,兴化,没有,0
10651,腾冲,大救驾,137
10651,腾冲,饵丝,126
10651,腾冲,稀豆粉,94
10651,腾冲,土锅子,83
10651,腾冲,头脑,43
10651,腾冲,三滴水,3
10651,腾冲,果脯,2
10651,腾冲,大簿片,1
15950,双廊,酸辣鱼,102
15950,双廊,煎银鱼,3
15950,双廊,全鱼宴,1
15950,双廊,鱼,1
14186,平顶山,没有,0
174170,策勒县,没有,0
10733,济源,没有,0
10554,太湖,没有,0
10018,束河,凉粉,81
10018,束河,酥油茶,55
10018,束河,米灌肠,19
10018,束河,虹鳟鱼,13
10018,束河,酸菜炒洋芋,1
32080,驻马店,没有,0
10157,常熟,没有,0
35641,香炉寺,没有,0
18045,西夏王陵,没有,0
10436,f直,没有,0
10819,台北,牛肉面,501
10819,台北,鸡排,327
10819,台北,芋圆,325
10819,台北,卤肉饭,270
10819,台北,蚵仔煎,215
10819,台北,大肠包小肠,200
10819,台北,花枝,163
10819,台北,甜不辣与天妇罗,128
10819,台北,盐酥鸡,72
10819,台北,猪血糕,62
13756,淮安,没有,0
64164,林州,没有,0
25503,漯河,没有,0
16651,大河沿,没有,0
64199,辉县,没有,0
21434,垦丁,鱼生,169
21434,垦丁,猪脚,40
21434,垦丁,乌鱼子,11
21434,垦丁,绿豆馔,7
15820,盐城,没有,0
15325,花莲,公正包子,557
15325,花莲,炸弹葱油饼,500
15325,花莲,麻薯,387
15325,花莲,扁食,366
15325,花莲,台湾菜,65
15325,花莲,花莲薯,42
50311,溧阳,没有,0
16933,冰晶顶,没有,0
11065,高雄,木瓜牛奶,91
11065,高雄,臭豆腐,66
11065,高雄,棺材板,56
11065,高雄,虾卷,12
11065,高雄,蚵仔面线,3
11065,高雄,馄饨汤,1
24878,南五台山,没有,0
16405,台中,大肠包小肠,62
16405,台中,鸡排,42
16405,台中,臭豆腐,37
16405,台中,肉圆,11
84751,江宁,没有,0
16684,巩义,没有,0
23039,九份,芋圆,247
23039,九份,红糟肉圆,49
23039,九份,芋@,7
14445,周口,没有,0
10044,阿里山,没有,0
18234,翠华山,没有,0
11484,濮阳,没有,0
11416,锦溪,没有,0
12251,江阴,没有,0
17986,五彩湾,没有,0
25339,金门,广东粥,1
25339,金门,蚵仔面线,1
25339,金门,锅贴,1
25339,金门,蚵嗲,1
24270,鹤壁,没有,0
11347,江布拉克,没有,0
15966,常州恐龙园,没有,0
10429,太仓,没有,0
11064,台南,棺材板,31
11064,台南,虾卷,26
11064,台南,冬瓜茶,25
11064,台南,担仔面,24
11064,台南,虱目鱼,20
11064,台南,鳝鱼意面,11
11064,台南,水果冰,5
24202,镇北堡影视城,没有,0
23129,宿迁,没有,0
64160,修武,没有,0
12141,雨崩,酥油茶,219
12141,雨崩,青稞酒,95
12141,雨崩,酸奶,62
12141,雨崩,糌粑,16
12141,雨崩,琵琶肉,2
12430,关山牧场,没有,0
19265,博斯腾湖,没有,0
15943,玉龙雪山,没有,0
14774,木渎,没有,0
66292,新郑,没有,0
16585,鳌山,没有,0
12658,法门寺,没有,0
17979,卡拉库里湖,没有,0
66252,宁蒗彝族自治县,没有,0
17397,高淳,没有,0
15961,鲁山,没有,0
18046,水洞沟,没有,0
16887,淮阳,没有,0
16814,统万城,没有,0
18047,海宝塔,没有,0
27224,迪庆,没有,0
11424,崆峒山,没有,0
14760,神,没有,0
63871,西峡,没有,0
10806,梅里雪山,耗牛火锅,2
48962,嵩县,没有,0
17664,丹阳,没有,0
36362,纺织城艺术区,没有,0
28459,黄帝陵,没有,0
10810,普者黑,荷叶炒蛋,5
10810,普者黑,小黑药炖鸡,1
10810,普者黑,酸汤鸡,1
10810,普者黑,荷叶粥,1
10810,普者黑,醉虾,1
18012,天山大峡谷,没有,0
140540,新密,没有,0
59341,张家港,没有,0
66293,禹州,没有,0
11660,元阳,食蛹类,1
11660,元阳,炸竹虫,1
11660,元阳,烤乳猪,1
18013,克孜尔千佛洞,没有,0
18032,艾提尕尔清真寺,没有,0
66287,灵宝,没有,0
10808,罗平,花米饭,41
10808,罗平,砂锅饭,39
10808,罗平,辣鸡粉,3
10808,罗平,全锅汤,1
10808,罗平,酸笋,1
18179,惠山古镇,没有,0
64469,荥阳,没有,0
64937,恒春,绿豆馔,1
64937,恒春,乌鱼子,1
64937,恒春,鱼生,1
64937,恒春,猪脚,1
18006,龟兹古城,没有,0
16799,赛里木湖,没有,0
84582,汤山,没有,0
63870,新安,没有,0
66295,遂平,没有,0
140612,汝州,没有,0
27771,屏东,黑珍珠莲雾,150
27771,屏东,绿豆馔,139
27771,屏东,猪脚,103
27771,屏东,鱼生,51
27771,屏东,黑鲔鱼,18
27771,屏东,樱花虾,12
27771,屏东,油鱼子,1
17746,盱眙,没有,0
20927,七一冰川,没有,0
17316,千灯,没有,0
11067,日月潭,没有,0
21529,茅山,没有,0
64166,汤阴,没有,0
12594,南投,总统鱼,18
12594,南投,肉圆,9
12594,南投,番薯,8
12594,南投,竹笋,7
12594,南投,梅子,6
12594,南投,绍兴酒冰棒,1
12594,南投,南投意面,1
174194,可克达拉市,没有,0
10337,如皋,没有,0
140688,启东,没有,0
21034,高邮,没有,0
11359,刘家峡,没有,0
140566,鄢陵,没有,0
18007,库木塔格沙漠,没有,0
64167,商城县,没有,0
25340,台东,没有,0
140557,永城,没有,0
63220,句容,没有,0
143793,中牟,没有,0
14296,博格达峰,没有,0
26088,淡水,没有,0
18048,溧水,没有,0
18896,东台,没有,0
22346,嘉义,没有,0
27820,泰兴,没有,0
16018,麦积山,没有,0
143782,偃师,没有,0
146823,封门村,没有,0
62975,新北,没有,0
19818,如东,没有,0
17808,南郭寺,没有,0
64181,鹿邑,没有,0
64159,舞钢,没有,0
16211,宜兰,肉羹,8
16211,宜兰,三星葱馅饼,1
66289,沁阳,没有,0
55434,邳州,没有,0
30112,官鹅沟,没有,0
15812,瑞丽,米线,36
15812,瑞丽,水果,32
15812,瑞丽,绿叶宴,1
17913,交河故城,没有,0
12715,德钦,没有,0
64200,卫辉,没有,0
64640,靖江,没有,0
64639,大丰,没有,0
22266,黎里古镇,没有,0
16895,黄河石林,没有,0
10481,虎跳峡,没有,0
140562,方城,没有,0
15060,建水,没有,0
23995,太仓沙溪,没有,0
11871,红河,没有,0
64642,海门,没有,0
174347,平川区,没有,0
143784,桐柏,没有,0
10650,东川,没有,0
17998,新疆天鹅湖,没有,0
141611,金坛,没有,0
10165,石林,没有,0
10444,青岛,烧烤,1229
10444,青岛,蛤蜊,658
10444,青岛,鲅鱼,468
10444,青岛,排骨饭,374
10444,青岛,鲍鱼,272
10444,青岛,凉粉,241
10444,青岛,海螺,215
10444,青岛,笔管,105
10444,青岛,三鲜锅贴,32
10444,青岛,肉末海参,28
66288,孟津,没有,0
64641,海安,没有,0
18511,新野,没有,0
11533,玉溪,玉溪米线,63
11533,玉溪,青松烧鸭,1
11533,玉溪,竹筒汤,1
11533,玉溪,哀牢山三珍,1
20416,溱潼古镇,没有,0
64158,郏县,没有,0
10575,济南,油旋,91
10575,济南,九转大肠,78
10575,济南,糖醋鲤鱼,49
10575,济南,爆炒腰花,29
10575,济南,甜沫,27
10575,济南,打卤面,9
10575,济南,坛子肉,4
64634,新沂,没有,0
10523,怒江,没有,0
140568,民权县,没有,0
10284,泰山,煎饼,256
10284,泰山,烧烤,74
10284,泰山,泰山三美,31
10284,泰山,赤鳞鱼,13
10284,泰山,豆腐宴,3
10284,泰山,野菜宴,2
10284,泰山,枣糕,2
10284,泰山,药膳宴,1
10256,威海,鲅鱼水饺,18
10256,威海,小鸡炖蘑菇,2
10256,威海,红烧海参,1
10256,威海,爆炒天鹅蛋,1
10256,威海,红烧对虾,1
11243,烟台,海鲜,386
11243,烟台,蓬莱小面,64
11243,烟台,鲜鱼水饺,34
11243,烟台,杠子头,14
11243,烟台,焖子,13
11243,烟台,福山大面,4
11243,烟台,卤驴肉,2
11243,烟台,八仙宴,1
64637,扬中,没有,0
58705,桃园,没有,0
10430,枫桥古镇,没有,0
145920,北投,没有,0
10805,日照,花蛤,117
10805,日照,煎饼,36
10805,日照,沙根子粉,10
10805,日照,西施舌,2
143783,南召,没有,0
11817,泰安,没有,0
64928,仁爱,没有,0
10795,南街村,没有,0
11063,基隆,海鲜,24
11063,基隆,鼎边锉,6
84556,江都,没有,0
11270,长岛,鲜鱼水饺,60
11270,长岛,铁板鱿鱼,16
11270,长岛,大虾,12
11270,长岛,海菜包子,12
11270,长岛,寄居蟹,9
11270,长岛,香辣蟹,1
10360,绿岛,鹿肉料理,6
10360,绿岛,酥炸飞鱼,6
10360,绿岛,海草冰沙,4
10360,绿岛,海草蛋饼,1
10360,绿岛,羊肉炉,1
64635,洪泽,没有,0
176321,沭阳县,没有,0
140689,淅川,没有,0
143772,滑县,没有,0
10443,蓬莱,海鲜,119
10443,蓬莱,鲜鱼水饺,64
10443,蓬莱,蓬莱小面,48
10443,蓬莱,蓬莱馒头,15
10443,蓬莱,咸鱼饼子,9
10443,蓬莱,八仙宴,1
11066,澎湖,仙人掌果及其他制品,27
84494,仪征,没有,0
64162,泌阳,没有,0
11244,曲阜,煎饼,37
11244,曲阜,孔府宴,18
11244,曲阜,熏豆腐,13
11244,曲阜,鸭子,5
11244,曲阜,带子上朝,2
11244,曲阜,甏肉干饭,1
58033,平溪,没有,0
182219,瑞芳,没有,0
29429,彰化,没有,0
64168,淇县,没有,0
64632,沛县,没有,0
11707,潍坊,没有,0
176363,东海县,没有,0
140758,射阳,没有,0
24185,保山,饵丝,192
24185,保山,大救驾,164
24185,保山,稀豆粉,109
24185,保山,和顺头脑,50
24185,保山,大薄片,21
24185,保山,施甸三味,7
24185,保山,三滴水,4
24185,保山,坛子鸡,2
24185,保山,素席,1
24185,保山,油鸡枞,1
64633,睢宁,没有,0
140673,汝阳,没有,0
11494,楚雄,没有,0
12819,临沂,没有,0
16491,和顺,没有,0
17019,台儿庄,没有,0
63873,社旗,没有,0
147280,明月湾村,没有,0
64169,浚县,没有,0
64179,项城,没有,0
17298,弥勒,没有,0
11705,淄博,没有,0
143780,洛宁,没有,0
21358,普洱,没有,0
11400,崂山,没有,0
176384,宝应县,没有,0
13113,济宁,没有,0
12643,曲靖,花山带皮羊肉,26
12643,曲靖,蒸饵丝,22
12643,曲靖,辣子鸡,9
12643,曲靖,洋芋鸡,3
12643,曲靖,麻衣馓子,1
12643,曲靖,黑皮子,1
24834,澄江,没有,0
176294,丰县,没有,0
11708,枣庄,没有,0
84721,固始,没有,0
176312,泗洪县,没有,0
140570,阜宁,没有,0
176318,泗阳县,没有,0
63872,内乡,没有,0
175769,新县,没有,0
15946,沙溪,没有,0
11921,东营,没有,0
11936,德州,没有,0
11926,聊城,没有,0
64163,汝南,没有,0
143708,永联村,没有,0
66251,玉龙纳西族自治县,没有,0
140560,邓州,没有,0
64638,建湖,没有,0
64636,灌云,没有,0
64946,新城,没有,0
176408,滨海县,没有,0
23044,礁溪,没有,0
15962,青州,没有,0
176405,响水县,没有,0
141609,兰考,没有,0
21747,黄岛,没有,0
18571,张浦,没有,0
143803,舞阳,没有,0
66294,确山,没有,0
25327,苗栗,没有,0
52237,兰屿,没有,0
11820,菏泽,没有,0
176336,涟水县,没有,0
58690,新竹,没有,0
55762,荣成,没有,0
143774,武陟,没有,0
139549,嘉义县,没有,0
176324,金湖县,没有,0
176369,灌南县,没有,0
145817,西湖乡,没有,0
64161,襄城,没有,0
64947,吉安乡,没有,0
17303,烟墩角,没有,0
23992,紫金山,没有,0
18728,洋口港,没有,0
175763,罗山县,没有,0
173540,竹崎乡,没有,0
140567,渑池,没有,0
140558,博爱县,没有,0
11436,莱芜,没有,0
15949,喜洲,没有,0
143788,义马,没有,0
29785,明孝陵,没有,0
11827,昭通,没有,0
11612,乳山,没有,0
17763,夫子庙,没有,0
16588,阳澄湖,没有,0
140582,镇平,没有,0
23865,文山,砚山米线,59
23865,文山,三七汽锅鸡,7
23865,文山,花糯米饭,4
23865,文山,醉虾,1
23865,文山,岜夯鸡,1
23865,文山,粽粑,1
23865,文山,坨肉,1
23865,文山,椒盐饼,1
17824,丙中洛,石头粑粑,5
17824,丙中洛,蛋酒,1
17824,丙中洛,酸竹菜,1
17824,丙中洛,酒焖鸡,1
26752,玄武湖,没有,0
30426,芒市,没有,0
20482,滨州,没有,0
22136,坝美,没有,0
16768,龙口,没有,0
143789,长垣,没有,0
140571,原阳,没有,0
17764,中山陵,没有,0
19625,德宏,没有,0
64454,海阳,没有,0
15960,周村,没有,0
11277,洪泽湖,没有,0
143797,西华,没有,0
28294,沂水,没有,0
143802,正阳,没有,0
63577,蒙自,没有,0
143785,宝丰,没有,0
15954,哈巴雪山,没有,0
38737,林屋洞,没有,0
11276,高密,没有,0
84781,城阳,没有,0
140617,长葛,没有,0
64380,即墨,没有,0
44093,金鸡湖,没有,0
41874,栖霞寺,没有,0
64927,鱼池,没有,0
58689,马祖,没有,0
64936,琉球,没有,0
22069,滕州,没有,0
18318,盛泽湖,没有,0
18238,山塘街,没有,0
143781,伊川,没有,0
64923,鹿港,没有,0
25539,大明寺,没有,0
18168,陆巷,没有,0
64381,栖霞,没有,0
18281,莱州,没有,0
66296,临颍,没有,0
25946,邹城,没有,0
25191,章丘,没有,0
64941,成功,没有,0
25664,瘦西湖,没有,0
140569,宜阳,没有,0
14580,天目湖,没有,0
56775,东平,没有,0
17889,临朐,没有,0
64330,莒南,没有,0
55759,鸡鸣岛,没有,0
75897,金山,没有,0
23833,云林,没有,0
143786,叶县,没有,0
17765,鼋头渚,没有,0
84692,胶州,没有,0
26013,宝华山,没有,0
143795,沈丘,没有,0
15964,花果山,没有,0
140619,诸城,没有,0
64868,罗东,没有,0
64232,蒙阴,没有,0
175811,宁陵县,没有,0
175805,睢县,没有,0
66309,微山,没有,0
66311,文登,没有,0
15965,栖霞山,没有,0
175766,光山县,没有,0
64376,寿光,没有,0
48611,留园,没有,0
75910,中坜,没有,0
24367,天平山,没有,0
63071,丘北,没有,0
175823,夏邑县,没有,0
144211,费县,没有,0
18269,溱湖,没有,0
143800,西平,没有,0
63815,平邑,没有,0
42813,锡惠公园,没有,0
16394,元谋,没有,0
143798,平舆,没有,0
18279,唐河,没有,0
143790,封丘,没有,0
143787,卢氏,没有,0
140539,梁山县,没有,0
10088,广州,汤,466
10088,广州,叉烧,216
10088,广州,烧鹅,112
10088,广州,叉烧包,87
10088,广州,猪手,73
10088,广州,牛河,53
10088,广州,煲仔饭,50
10088,广州,荷叶饭,2
10088,广州,冬瓜盅,2
10088,广州,猪肚煲鸡,1
17543,临沧,没有,0
175676,温县,没有,0
17823,诺邓,没有,0
10198,深圳,鲜蚝,37
10198,深圳,乳鸽,28
10198,深圳,海胆,21
10198,深圳,烧鹅,7
10198,深圳,鲍鱼,5
10198,深圳,基围虾,4
10198,深圳,狗肉,1
10198,深圳,乌头鱼,1
10198,深圳,三黄鸡,1
10198,深圳,腊鸭,1
18302,勐腊,没有,0
23991,新泰,没有,0
15948,剑川,没有,0
143796,太康,没有,0
18459,会泽,没有,0
23457,巍山,没有,0
10269,珠海,横琴蚝,39
10269,珠海,海虾,13
10269,珠海,凤爪,7
10269,珠海,莲藕,2
10269,珠海,膏蟹,2
10269,珠海,河虾,1
10269,珠海,重壳蟹,1
10269,珠海,对虾,1
10269,珠海,脆肉鲩,1
11475,惠州,酿豆腐,4
11475,惠州,白切鸡,3
11475,惠州,梅菜扣肉,2
11475,惠州,狗肉煲,2
11475,惠州,盐h鸡,1
11475,惠州,敛糕,1
11475,惠州,沙糕板,1
11475,惠州,窝全鸭,1
11475,惠州,发糕,1
140800,商河,没有,0
175802,郸城县,没有,0
63566,鹤庆,没有,0
13394,佛山,双皮奶,50
13394,佛山,云吞面,10
13394,佛山,伦教糕,8
13394,佛山,九层糕,1
12334,东莞,荔枝柴烧鹅,1
12334,东莞,青麻茶,1
12334,东莞,蟹黄粥,1
12334,东莞,沙鱼丸,1
12334,东莞,槎蛴惆,1
12334,东莞,糖不甩,1
12334,东莞,白沙油鸭,1
12334,东莞,裹蒸粽,1
34195,沂源,没有,0
64177,扶沟,没有,0
144195,郓城,没有,0
175808,柘城县,没有,0
64943,池上,没有,0
13063,汕头,牛肉丸,153
13063,汕头,肠粉,149
13063,汕头,@条,144
13063,汕头,蚝烙,106
13063,汕头,粽球,91
13063,汕头,牛肉火锅,83
13063,汕头,@汁,71
13063,汕头,糯米猪肠,17
13063,汕头,腐乳饼,15
13063,汕头,薄壳米,15
145863,太麻里,没有,0
10779,韶关,坑螺,16
10779,韶关,扣肉,4
10779,韶关,烟肉,2
10779,韶关,田螺香煲,2
10779,韶关,豆豉鱼,2
10779,韶关,黑山羊腿,2
10779,韶关,棘胸蛙,1
10779,韶关,冷水肚,1
10779,韶关,月婆鸡,1
10779,韶关,游水鸡,1
145844,狮子,没有,0
145858,关山,没有,0
143804,清丰,没有,0
175820,虞城县,没有,0
64442,招远,没有,0
143778,杞县,没有,0
10503,顺德,没有,0
84516,兖州,没有,0
64926,埔里,没有,0
11449,潮州,没有,0
10514,中山,没有,0
175673,孟州市,没有,0
145853,枋寮,石斑鱼,1
145853,枋寮,油鱼子,1
145853,枋寮,樱花虾,1
145853,枋寮,黑珍珠莲雾,1
145853,枋寮,黑鲔鱼,1
144191,单县,没有,0
64867,苏澳,没有,0
26496,番禺,没有,0
10548,清远,没有,0
175691,上街区,没有,0
64378,平度,没有,0
143773,内黄,没有,0
64932,水上乡,没有,0
64379,五莲,没有,0
175772,潢川县,没有,0
139409,沂南,没有,0
140764,齐河,没有,0
12475,湛江,白切鸡,7
12475,湛江,簸箕炊,1
12475,湛江,雷州大粽,1
12475,湛江,清煮花蟹,1
12475,湛江,油炸虾饼,1
12475,湛江,牛杂串,1
12475,湛江,木叶夹,1
12475,湛江,猪肠粉,1
144208,临清,没有,0
75784,乌来,没有,0
10778,肇庆,裹蒸粽,40
10778,肇庆,豆腐花,23
10778,肇庆,牛肉,6
10778,肇庆,鼎湖上素,4
10778,肇庆,竹篙粉,2
10778,肇庆,杏花鸡,2
10778,肇庆,文庆鲤,1
10778,肇庆,茶油鸡,1
10778,肇庆,芍硎,1
10778,肇庆,濑粉,1
143799,上蔡,没有,0
141503,河口瑶族自治县,没有,0
84680,莱阳,没有,0
167129,广州长隆旅游度假区,没有,0
143801,新蔡,没有,0
64377,莒县,没有,0
21790,白沙古镇,没有,0
143776,尉氏,没有,0
63579,昆明安宁,没有,0
176120,博山区,没有,0
64165,息县,没有,0
22786,禄劝,没有,0
19451,大钦岛,没有,0
11479,阳江,没有,0
18381,巽寮湾,梅菜扣肉,1
18381,巽寮湾,窝全鸭,1
18381,巽寮湾,胡须鸡,1
175778,祥符区,没有,0
14949,墨江,没有,0
20275,黑井古镇,没有,0
66310,邹平,没有,0
175658,吉利区,没有,0
12691,江门,海鲜宴,132
12691,江门,烧鹅,19
12691,江门,狗肉,9
12691,江门,濑粉,8
176069,长清区,没有,0
143792,延津,没有,0
175835,台前县,没有,0
63072,广南,没有,0
22517,碧色寨,没有,0
175832,范县(濮阳市),没有,0
10507,开平,黄鳝饭,33
10507,开平,彪记羊肉,5
10507,开平,开平烧肉,1
10507,开平,赤坎鸭粥,1
10507,开平,马冈濑粉,1
10507,开平,纯手工磨制黑芝麻糊,1
143805,南乐,没有,0
144199,平阴,没有,0
18478,海陵岛,没有,0
63063,宜良,没有,0
175688,马村区,没有,0
143791,获嘉,没有,0
84562,汶上,没有,0
144209,阳谷,没有,0
18929,南澳岛,没有,0
64948,寿丰,没有,0
144202,鱼台,没有,0
10447,梅州,没有,0
18341,从化,没有,0
175775,淮滨县,没有,0
145805,大树,没有,0
140763,安丘,没有,0
22113,南雄,没有,0
144182,庆云,没有,0
64866,头城,没有,0
143775,通许,没有,0
18253,惠东,没有,0
144213,郯城,没有,0
145826,水里,没有,0
143794,商水县,没有,0
173546,番路乡,没有,0
13022,河源,没有,0
21770,大缮,没有,0
64870,大溪,没有,0
144205,高唐,没有,0
19409,龙峪湾,没有,0
19896,外伶仃岛,没有,0
25867,函谷关,没有,0
16921,酷山,没有,0
11446,汕尾,擂茶,3
11446,汕尾,菜稞,1
11446,汕尾,五果汤,1
11446,汕尾,米花糕,1
11446,汕尾,虾姑,1
11446,汕尾,年糕,1
11446,汕尾,煮凤虾,1
16785,增城,没有,0
145861,鹿野,没有,0
176105,兰陵县,没有,0
64931,鹿谷,没有,0
32205,红旗渠,没有,0
15702,英德,没有,0
144214,莱西,没有,0
145807,凤山,没有,0
26450,河南老君山,没有,0
31899,官渡古镇,没有,0
144186,广饶,没有,0
18985,薄山湖,没有,0
63567,宾川,没有,0
167207,珠海横琴长隆国际海洋度假区,没有,0
19414,始祖山,没有,0
144194,巨野,没有,0
31559,康百万庄园,没有,0
27233,神农山,没有,0
63576,个旧,没有,0
141310,潮汕,没有,0
24023,花都,没有,0
144187,垦利,没有,0
175661,石龙区,没有,0
15606,尼汝,没有,0
63565,洱源,没有,0
14336,茂名,没有,0
10734,殷墟,没有,0
14191,揭阳,没有,0
132245,挖色镇,没有,0
16286,台山,没有,0
144216,昌乐,没有,0
18903,小浪底,没有,0
144203,泗水县,没有,0
84544,肥城,没有,0
21947,万仙山,没有,0
19937,永泰寺,没有,0
18119,泸西,没有,0
10774,呼伦贝尔,奶茶,305
10774,呼伦贝尔,手扒肉,273
10774,呼伦贝尔,烤羊腿,125
10774,呼伦贝尔,风干牛肉干,85
10774,呼伦贝尔,烤全羊,70
10774,呼伦贝尔,马奶酒,48
25755,下川岛,没有,0
140626,沧源,没有,0
64375,桓台,没有,0
10390,阿尔山,没有,0
16023,南澳县,没有,0
141495,南涧,没有,0
140762,惠民县,没有,0
18908,东西冲,没有,0
64954,马公,没有,0
22547,东澳岛,没有,0
64929,集集,没有,0
10456,额济纳旗,没有,0
144189,曹县,没有,0
11415,呼和浩特,没有,0
27779,赤坎古镇,没有,0
144198,济阳,没有,0
145939,和美,没有,0
75843,三星,没有,0
144200,嘉祥,没有,0
145804,大社,没有,0
17920,乌兰布统,没有,0
145811,金湖,没有,0
18190,乳源,没有,0
10478,克什克腾旗,烤全羊,478
10478,克什克腾旗,华子鱼,169
10478,克什克腾旗,蒙古奶茶,101
10478,克什克腾旗,手把肉,92
10478,克什克腾旗,奶豆腐,33
144204,东阿,没有,0
64930,信义,没有,0
18187,庙湾岛,没有,0
11573,赤峰,没有,0
14257,连州,没有,0
23613,陵县,没有,0
176129,河口区,没有,0
173543,梅山乡,没有,0
14939,满洲里,没有,0
10704,锡林郭勒,奶茶,93
10704,锡林郭勒,手把肉,74
10704,锡林郭勒,烧烤,66
10704,锡林郭勒,涮羊肉,40
10704,锡林郭勒,烤全羊,27
10704,锡林郭勒,烤羊腿,26
10704,锡林郭勒,莜面,23
10704,锡林郭勒,炒米,19
144176,无棣,没有,0
10414,海拉尔,没有,0
16021,闸坡,没有,0
13190,鄂尔多斯,没有,0
173537,中埔乡,没有,0
11577,阿拉善,没有,0
63572,勐海,没有,0
140538,茌平,没有,0
17795,九龙大峡谷,没有,0
11574,包头,没有,0
42797,云浮,没有,0
176150,牟平区,没有,0
144185,禹城,没有,0
84665,呈贡,没有,0
144201,金乡,没有,0
10763,额尔古纳,没有,0
84517,盐田,没有,0
140587,博兴,没有,0
176054,平原县,没有,0
10048,库布齐沙漠,没有,0
11440,虎门,没有,0
14392,巴丹吉林,没有,0
141534,新平,没有,0
11572,乌兰察布,没有,0
17149,武定,没有,0
20235,锡林浩特,没有,0
140556,夏津,没有,0
11511,放鸡岛,没有,0
63569,西盟,没有,0
63570,澜沧,没有,0
12586,通辽,没有,0
17796,毓璜顶,没有,0
38660,上川岛,没有,0
66249,贡山独龙族怒族自治县,没有,0
62069,兴安盟,没有,0
18308,打洛,没有,0
17296,开远,没有,0
19895,阳山,没有,0
144193,东明,没有,0
10707,多伦,没有,0
145934,斗南,没有,0
11605,巴彦淖尔,没有,0
64492,连南,没有,0
144196,鄄城,没有,0
27792,乌海,没有,0
19894,三水,没有,0
75850,北港,没有,0
144212,临沭,没有,0
145929,关西镇,没有,0
18001,根河,没有,0
63602,阳西,没有,0
149470,乌拉盖,没有,0
144179,乐陵,没有,0
26037,沙湾古镇,没有,0
64877,湖口,没有,0
18550,二连浩特,没有,0
64940,牡丹乡,没有,0
140765,昌邑,没有,0
18445,乌兰浩特,没有,0
64473,龙门,没有,0
64894,大湖,没有,0
16024,硇洲岛,没有,0
64945,秀林,没有,0
63599,徐闻,没有,0
144206,冠县,没有,0
17999,室韦,没有,0
145832,春日,没有,0
21821,新兴,没有,0
14475,恩和,没有,0
144188,利津,没有,0
75911,新店,没有,0
15957,达里诺尔湖,没有,0
17053,普宁,没有,0
144217,高青,没有,0
141536,元江,没有,0
17291,乐昌,没有,0
62962,阿拉善左旗,没有,0
36866,恩平,没有,0
63564,云龙,没有,0
64132,博罗,没有,0
144210,莘县,没有,0
63598,雷州市,没有,0
144178,沾化,没有,0
63601,阳春,没有,0
10291,太仆寺旗,没有,0
25608,库伦旗,没有,0
33201,石鼓镇,没有,0
34614,观澜版画村,没有,0
176087,山亭区,没有,0
22975,扎兰屯,没有,0
63573,禄丰,没有,0
22740,库尔滨,没有,0
63059,盈江,没有,0
144190,成武县,没有,0
62842,西乌珠穆沁旗,没有,0
175499,南沙区,没有,0
63316,达拉特旗,没有,0
141521,思茅,没有,0
144177,阳信,没有,0
21669,牙克石,没有,0
84746,斗门,没有,0
62834,正蓝旗,没有,0
144184,武城,没有,0
144215,宁阳,没有,0
64131,新丰,没有,0
141517,云南江城,没有,0
23456,信宜,没有,0
63839,大埔,没有,0
10775,翁牛特旗,没有,0
144181,宁津,没有,0
17943,德庆,没有,0
141502,维西,没有,0
38395,罗定,没有,0
62838,东乌珠穆沁旗,没有,0
18756,陆良,没有,0
64949,光复,没有,0
144180,临邑,没有,0
22247,蒿滩,没有,0
64129,佛冈,没有,0
140665,丰顺,没有,0
64892,三义,没有,0
19855,陈巴尔虎旗,没有,0
175460,高明区,没有,0
17779,刘公岛,没有,0
17949,十芴园,没有,0
18915,成山头,没有,0
144537,布袋,没有,0
10223,乌梁素海,没有,0
84855,鹤山,没有,0
24073,连平,没有,0
175502,金湾区,没有,0
20316,昆嵛山,没有,0
75776,玉里,没有,0
62945,霍林郭勒,没有,0
64130,仁化,没有,0
64952,富里,没有,0
24502,大明湖,没有,0
22177,临江屯,没有,0
26471,仰天山,没有,0
62958,阿拉善右旗,没有,0
64955,七美,没有,0
63600,电白,没有,0
18019,趵突泉,没有,0
16856,奈曼旗,没有,0
140663,潮安,没有,0
63318,东胜区,没有,0
143405,海丰,没有,0
145809,大林,没有,0
64953,湖西,没有,0
63313,伊金霍洛旗,没有,0
19039,海驴岛,没有,0
143404,连山壮族瑶族自治县,没有,0
17778,万平口,没有,0
66240,察哈尔右翼中旗,没有,0
62935,鄂伦春自治旗,没有,0
145833,东港镇,没有,0
35790,大珠山,没有,0
64134,龙川,没有,0
19676,通海,没有,0
175523,惠阳区,没有,0
63575,石屏,没有,0
84782,澄海,没有,0
19365,竹岔岛,没有,0
63043,乌拉特前旗,没有,0
17288,兴宁,没有,0
11561,黄河口,没有,0
143398,饶平,没有,0
63066,云南马龙,没有,0
39735,武川,没有,0
63333,四子王旗,没有,0
15963,岱庙,没有,0
62844,新巴尔虎左旗,没有,0
140754,四会,没有,0
17593,龙陵,没有,0
144742,察哈尔右翼后旗,没有,0
84731,高州,没有,0
20060,鹤伴山,没有,0
143761,廉江,没有,0
84553,小榄镇,没有,0
18647,坝光,没有,0
141496,祥云县,没有,0
17797,宝塔礁,没有,0
62946,科尔沁右翼中旗,没有,0
185219,郑城,没有,0
36359,晋宁,没有,0
63326,东河,没有,0
19211,灵山岛,没有,0
33267,弥渡,没有,0
63568,孟连,没有,0
23765,郁南,没有,0
63303,封开,没有,0
15959,微山湖,没有,0
143764,高要,没有,0
143759,鸡街,没有,0
140684,怀集,没有,0
63341,兴和,没有,0
21487,八大关,没有,0
145812,金沙镇,没有,0
10547,平遥,栲姥姥,324
10547,平遥,碗托,310
10547,平遥,平遥牛肉,300
10547,平遥,山药,139
10547,平遥,香草肉,123
10547,平遥,沙棘汁,112
10547,平遥,过油肉,77
10547,平遥,水煎包,45
10547,平遥,手工月饼,43
10547,平遥,八碗八碟,7
75914,斗六,没有,0
62940,巴林右旗,没有,0
145806,大寮,没有,0
143763,吴川,没有,0
143406,陆丰,没有,0
11240,太原,山西面食,113
11240,太原,羊杂割,55
11240,太原,过油肉,30
11240,太原,荞面灌肠,24
11240,太原,太原稍梅,20
11240,太原,傅山头脑,19
11240,太原,丸子汤,17
11240,太原,老鼠窟元宵,6
11240,太原,鸡蛋醪糟,4
11240,太原,太原老豆腐,3
145849,新园,没有,0
63346,清水河,没有,0
175535,揭西县,没有,0
10057,五台山,葱烧苔蘑,4
10057,五台山,五台大烩菜,1
64925,北斗,没有,0
63391,苏尼特右旗,没有,0
11241,大同,浑源凉粉,216
11241,大同,刀削面,191
11241,大同,莜面,78
11241,大同,羊杂粉汤,72
11241,大同,烧麦,72
11241,大同,兔头,52
11241,大同,黄糕,30
11241,大同,大同铜火锅,4
11241,大同,大同烤羊排,3
11241,大同,炒盔垒,1
66291,惠来,没有,0
10087,壶口瀑布,没有,0
143407,陆河县,没有,0
145822,草屯,没有,0
11955,晋中,没有,0
145860,金峰,没有,0
62944,扎鲁特旗,没有,0
145815,铜锣乡,没有,0
145836,九如,没有,0
64135,平远,没有,0
11307,临汾,没有,0
66232,达尔罕茂明安联合旗,没有,0
63795,宣威,没有,0
140759,寻甸,没有,0
64133,紫金,没有,0
14528,忻州,没有,0
62942,巴林左旗,没有,0
11560,晋城,没有,0
38972,金平,没有,0
143400,化州,没有,0
144739,科尔沁左翼后旗,没有,0
62843,新巴尔虎右旗,没有,0
13738,运城,没有,0
63118,乌审旗,没有,0
141509,嵩明,没有,0
17190,恒山,没有,0
143403,五华县,没有,0
66290,和平,没有,0
63060,梁河,没有,0
62939,喀喇沁旗,没有,0
10192,碛口,没有,0
16645,靖海,没有,0
62941,宁城,没有,0
63068,师宗,没有,0
11258,绵山,没有,0
140548,翁源,没有,0
66242,凉城,没有,0
141529,富宁,没有,0
143762,遂溪,没有,0
14401,长治,没有,0
63409,苏尼特左旗,没有,0
140551,广宁,没有,0
62821,镶黄旗,没有,0
141535,易门,没有,0
25315,介休,蘸片则,1
25315,介休,切馏则,1
63061,泸水,没有,0
64476,东源,没有,0
62827,正镶白旗,没有,0
143401,蕉岭,没有,0
63856,五台县,没有,0
64938,车城乡,没有,0
63324,固阳,没有,0
175478,始兴县,没有,0
145842,南州,没有,0
62943,阿鲁科尔沁旗,没有,0
29359,吕梁,没有,0
75915,尖石,没有,0
140736,清新区,没有,0
173786,公馆乡,没有,0
11636,阳泉,没有,0
62937,阿荣旗,没有,0
20669,林寨古村,没有,0
174116,横山乡,没有,0
175544,潮南区,没有,0
12857,朔州,没有,0
144744,丰镇,没有,0
145839,林边,没有,0
165652,坪石,没有,0
18181,鹅凰嶂,没有,0
18713,宁武,没有,0
18085,七礤溪谷,没有,0
16182,黄埔古港,没有,0
62825,阿巴嘎旗,没有,0
11633,榆次,没有,0
64876,竹北,没有,0
19817,聚龙村,没有,0
145848,雾台,没有,0
16944,永济,没有,0
63866,浑源,没有,0
144160,和林格尔,没有,0
17694,丹霞山,没有,0
145831,潮州镇,没有,0
18288,船底顶,没有,0
144161,土默特左旗,没有,0
63857,灵石,没有,0
63843,吉县,没有,0
141520,宁洱,没有,0
62947,突泉,没有,0
64113,华宁,没有,0
17812,陈家祠,没有,0
62936,鄂温克族自治旗,没有,0
16025,沙面,没有,0
22874,阳城,没有,0
28460,海珠湖,没有,0
63067,沾益,没有,0
63858,祁县,没有,0
144743,察哈尔右翼前旗,没有,0
19640,应县,没有,0
63320,准格尔旗,没有,0
21781,大夫山,没有,0
63948,平顺,没有,0
144738,敖汉旗,没有,0
63065,水富,没有,0
141533,峨山,没有,0
18311,勐罕,没有,0
63851,洪洞,没有,0
13116,西樵山,没有,0
18160,连州大东山,没有,0
144741,科尔沁左翼中旗,没有,0
63062,福贡,没有,0
28891,沙扒湾,没有,0
63852,偏关,没有,0
44038,林西,没有,0
63862,陵川,没有,0
26315,中国第一滩,没有,0
141506,屏边苗族自治县,没有,0
63850,临县,没有,0
30063,白云鄂博,没有,0
63574,江川,没有,0
36310,南鹏岛,没有,0
145847,万峦,没有,0
15991,太谷,没有,0
62938,莫力达瓦达斡尔族自治旗,没有,0
145852,竹田,没有,0
63002,乌拉特中旗,没有,0
145841,玛家,没有,0
30838,黑石顶,没有,0
21062,紫云谷,没有,0
136487,枋山,没有,0
63853,代县,没有,0
140552,鄂托克前旗,没有,0
17898,原平,没有,0
144159,鄂托克旗,没有,0
145830,望安乡,没有,0
34676,李家山,没有,0
18983,鼎湖山,没有,0
145864,延平,没有,0
21711,昔阳,没有,0
14785,小洲村,没有,0
174140,南澳乡,没有,0
63105,杭锦旗,没有,0
17487,红砖厂,没有,0
75786,五结,没有,0
64957,白沙乡,没有,0
63867,盂县,没有,0
28094,南昆山,没有,0
23392,平陆,没有,0
18307,勐仑,没有,0
144162,托克托,没有,0
144243,方山,没有,0
63865,壶关,没有,0
33039,梧桐山,没有,0
18627,双月湾,没有,0
63840,芮城,没有,0
142386,八宝,没有,0
27459,三角洲岛,没有,0
10777,大亚湾,没有,0
144745,化德,没有,0
21936,右玉,没有,0
143755,禄充,没有,0
144747,科尔沁右翼前旗,没有,0
18525,大甲岛,没有,0
37378,大梅沙,没有,0
141530,麻栗坡,没有,0
21380,杨梅坑,没有,0
19156,交城,没有,0
174647,楚雄市,没有,0
174374,五原,没有,0
18439,百万葵园,没有,0
63069,富源,没有,0
144165,扎赉特旗,没有,0
17151,大,没有,0
63335,卓资,没有,0
26653,华南农业大学,没有,0
143714,固东镇,没有,0
144737,土默特右旗,没有,0
174365,磴口,没有,0
140554,阳曲,没有,0
16868,片马,没有,0
140761,姚安,没有,0
34261,荷包岛,没有,0
21814,汾河,没有,0
174362,乌拉特后旗,没有,0
173582,元长乡,没有,0
17798,黄崖洞,没有,0
27672,下坝坊,没有,0
144535,万荣乡,没有,0
174368,杭锦后旗,没有,0
63860,沁水,没有,0
16022,东部华侨城,没有,0
17777,嘎拉德斯汰,没有,0
145940,田中,没有,0
30990,高平,没有,0
139652,清徐,没有,0
145829,竹山,没有,0
140668,武乡,没有,0
21294,松山湖,没有,0
144163,开鲁,没有,0
144746,商都,没有,0
64924,溪湖,没有,0
19419,蟒河,没有,0
20342,小辣甲,没有,0
10095,桂林,漓江鱼,1581
10095,桂林,桂林米粉,1138
10095,桂林,酿,555
10095,桂林,田螺,551
10095,桂林,荔浦芋扣肉,72
10095,桂林,漓江虾,67
10095,桂林,拔丝芋头,47
10095,桂林,马蹄糕,14
10095,桂林,松糕,7
10095,桂林,烤乳猪,4
53658,代钦塔拉,没有,0
10286,腾格里沙漠,没有,0
145941,员林,没有,0
20987,离石,没有,0
10158,浑善达克,没有,0
15956,响沙湾,没有,0
144534,凤林,没有,0
10027,阳朔,啤酒鱼,881
10027,阳朔,酿,290
10027,阳朔,斑鱼火锅,88
10027,阳朔,黄焖鸡,68
10027,阳朔,荔浦芋扣肉,34
10027,阳朔,素炒漓江虾,5
145855,达仁,没有,0
63847,汾阳,没有,0
145857,东河乡,没有,0
18000,莫尔道嘎,没有,0
17305,乌珠穆沁,没有,0
63846,霍州,没有,0
10776,格根塔拉,没有,0
10796,北海,海鲜,608
10796,北海,烧烤,254
10796,北海,糖水,189
10796,北海,卷粉,93
10796,北海,猪脚粉,17
10796,北海,鸡饭,13
141507,富民,没有,0
10453,涠洲岛,海鲜,653
10453,涠洲岛,香蕉猪,52
10453,涠洲岛,山羊,6
10453,涠洲岛,走地鸡,3
18919,岱海,没有,0
144232,侯马,没有,0
23122,居延海,没有,0
141528,双江,没有,0
10308,南宁,米粉,55
10308,南宁,烧烤,52
10308,南宁,甜品,29
10308,南宁,粥,18
10308,南宁,炒螺,15
10308,南宁,酸S,12
10308,南宁,凉茶,12
10308,南宁,云吞,9
10308,南宁,牛杂,7
10308,南宁,糍粑,6
18065,龙脊梯田,竹筒饭,105
18065,龙脊梯田,腊肉,41
18065,龙脊梯田,十八酿,37
18065,龙脊梯田,土鸡,37
18065,龙脊梯田,笋炒蛋,2
18065,龙脊梯田,芋头煲,1
19545,呼伦湖,没有,0
20437,灯笼河草原,没有,0
15958,辉腾锡勒草原,没有,0
19523,呼和诺尔,没有,0
140553,阳高,没有,0
17759,大理新华村,没有,0
66285,平定,没有,0
144234,乡宁,没有,0
63849,黎城,没有,0
11755,黄姚古镇,豆腐酿,47
11755,黄姚古镇,豆豉排骨,40
11755,黄姚古镇,油茶,25
11755,黄姚古镇,黄姚米粉,15
11755,黄姚古镇,话梅,12
141504,绿春,没有,0
141437,大关,没有,0
11366,希拉穆仁草原,没有,0
12513,柳州,没有,0
144164,巴彦查干镇,没有,0
11811,毛乌素沙漠,没有,0
20470,美林谷,没有,0
18002,多伦湖,没有,0
63854,定襄,没有,0
10068,哈尔滨,马迭尔冰棍,1
10068,哈尔滨,扒肉,1
10068,哈尔滨,格瓦斯,1
10068,哈尔滨,锅包肉,1
10068,哈尔滨,罐虾,1
10068,哈尔滨,红菜汤,1
10068,哈尔滨,酱骨,1
141512,耿马,没有,0
12913,贺州,贺州菜酿,24
12913,贺州,牛肠酸,6
12913,贺州,黄田扣肉,5
12913,贺州,三黄鸡,2
12913,贺州,客家盐酒鸡,2
12913,贺州,豆豉排骨,1
12913,贺州,三角包,1
10301,大连,五彩雪花扇贝,120
10301,大连,清蒸灯笼鲍鱼,90
10301,大连,焖子,82
10301,大连,铁板鱿鱼,20
10301,大连,清蒸加吉鱼,3
10301,大连,虾酱,3
10301,大连,炒海肠,2
10301,大连,红烤全虾,1
10301,大连,2路小丸子,1
10301,大连,油爆海螺,1
63861,泽州,没有,0
13701,防城港,没有,0
139776,草海镇,没有,0
62922,漾濞,没有,0
10072,长白山,温泉鸡蛋,218
10072,长白山,猴腿,5
10072,长白山,嫩芽菜,1
38273,广武,没有,0
13159,龙胜,没有,0
10508,漓江,没有,0
36937,东兴,没有,0
21048,河曲,没有,0
63571,永胜,没有,0
10127,雪乡,没有,0
187154,云冈镇,没有,0
26480,梧州,没有,0
10075,沈阳,老边饺子,97
10075,沈阳,冷面,69
10075,沈阳,李连贵熏肉大饼,67
10075,沈阳,沈阳回头,43
10075,沈阳,打糕,8
10075,沈阳,白肉血肠,7
10075,沈阳,吊炉饼,5
10075,沈阳,老山记海城馅饼,4
10075,沈阳,满汉全席,3
10075,沈阳,马烧麦,1
17133,百色,没有,0
64944,卑南,没有,0
18971,后沟,没有,0
63845,曲沃,没有,0
10427,漠河,没有,0
12309,巴马,香猪,20
12309,巴马,油鱼,14
12309,巴马,黄玉米,7
12309,巴马,火麻汤,7
12309,巴马,黑山羊,1
145827,中寮,没有,0
11247,长春,白肉血肠,2
11247,长春,蹄花,1
11247,长春,雪衣豆沙,1
11247,长春,炒肉拉皮,1
144230,浮山,没有,0
145856,大武,没有,0
63841,新绛,没有,0
18291,靖西,没有,0
10584,丹东,海鲜,112
10584,丹东,烧烤,108
10584,丹东,焖子,15
10584,丹东,朝鲜风味,14
10584,丹东,大香蕉汽水,13
10584,丹东,酸汤子,5
10584,丹东,大碴子,1
13188,崇左,没有,0
145823,国姓,没有,0
64939,满州,没有,0
64950,丰滨,没有,0
20990,隰县,没有,0
11779,吉林市,白肉血肠,3
11779,吉林市,庆岭活鱼,2
11779,吉林市,清蒸白鱼,1
11779,吉林市,三套碗,1
11779,吉林市,人参鸡,1
63836,三江,没有,0
145936,土库,没有,0
140667,河津,没有,0
21910,雾凇岛,满族火锅,21
21910,雾凇岛,锅包肉,13
21910,雾凇岛,酸菜穿白肉,4
21910,雾凇岛,溜肉段,1
21910,雾凇岛,碴子粥,1
144260,稷山,没有,0
15306,钦州,没有,0
64893,头份,没有,0
144250,怀仁,没有,0
12682,玉林,没有,0
144227,左权,没有,0
11268,本溪,没有,0
145820,竹南,没有,0
10728,盘锦,河蟹,165
10728,盘锦,炒河虾,22
10728,盘锦,香螺,8
10728,盘锦,活鱼锅,1
146159,海洋乡,没有,0
18310,章朗,没有,0
11508,延吉,没有,0
141515,云县,没有,0
63844,襄汾,没有,0
141519,景谷,没有,0
16571,河池,没有,0
144222,灵丘,没有,0
141532,砚山,没有,0
143422,蒙山县,没有,0
13913,牡丹江,没有,0
63070,马关,没有,0
24058,上林,黑山羊,8
24058,上林,一鱼多吃,3
24058,上林,猪血肠,1
24058,上林,鱼生,1
24058,上林,油炸银鱼,1
24058,上林,清水鱼,1
63064,盐津,没有,0
11473,伊春,没有,0
18059,神池,没有,0
14797,贵港,没有,0
141497,永平,没有,0
13055,葫芦岛,没有,0
141511,凤庆,没有,0
144223,天镇,没有,0
63611,大新,没有,0
11526,大兴安岭,没有,0
144246,文水,没有,0
13048,来宾,没有,0
132166,永仁县,没有,0
63859,娄烦,没有,0
10537,锦州,没有,0
144225,寿阳,没有,0
144258,闻喜,没有,0
10290,兴城,没有,0
145819,造桥,没有,0
66259,灵川,没有,0
145937,西螺,没有,0
144247,孝义,没有,0
145859,海端,没有,0
63842,垣曲,没有,0
17997,亚布力,没有,0
144219,沁源,没有,0
66261,昭平,没有,0
173792,南庄乡,没有,0
63829,凭祥,没有,0
34215,金秀,没有,0
11905,抚顺,没有,0
145843,内埔,没有,0
144224,左云,没有,0
11814,北部湾,没有,0
144257,临猗,没有,0
144536,卓溪,没有,0
11553,鞍山,没有,0
11709,齐齐哈尔,没有,0
64079,永和,没有,0
12650,太鲁阁,没有,0
63024,广西全州,没有,0
84729,恭城,没有,0
63863,长子,没有,0
145850,新埤,没有,0
16910,五大连池,没有,0
63022,资源县,没有,0
144226,榆社,没有,0
64942,长滨乡,没有,0
14907,营口,没有,0
54510,延边,没有,0
63816,桂平,没有,0
144244,柳林,没有,0
63835,融水,没有,0
63612,兴安,没有,0
30205,东戴河,没有,0
141438,鲁甸,没有,0
10506,扬美,没有,0
144245,石楼,没有,0
63864,潞城,没有,0
11678,大庆,没有,0
144259,绛县,没有,0
141493,南华县,没有,0
140561,龙州,没有,0
144235,翼城,没有,0
16786,旅顺,没有,0
141485,施甸,没有,0
64589,宜州,没有,0
17805,鲅鱼圈,没有,0
24586,大圩,没有,0
64724,海林,没有,0
66284,山阴,没有,0
141518,景东,没有,0
10287,绥中,没有,0
144229,大宁,没有,0
141439,巧家,没有,0
144221,广灵,没有,0
140755,合浦,没有,0
141498,陇川,没有,0
63028,富川,没有,0
22006,黑河,没有,0
144255,五寨,没有,0
31010,五常,没有,0
64859,安图,没有,0
141510,华坪,没有,0
84536,新街镇,没有,0
22588,查干湖,没有,0
63826,德保,没有,0
63589,容县,没有,0
140559,襄垣,没有,0
141491,大姚,没有,0
23255,辽阳,没有,0
144256,岢岚,没有,0
63827,乐业,没有,0
28807,抚远,没有,0
144252,保德,没有,0
145845,泰武,没有,0
13267,佳木斯,没有,0
63833,武鸣,没有,0
64951,瑞穗,没有,0
144253,繁峙,没有,0
15139,白山,没有,0
143767,柳江,没有,0
64956,西屿乡,没有,0
145835,佳冬,没有,0
144231,古县,没有,0
13856,通化,没有,0
17806,千山,没有,0
144228,安泽,没有,0
66258,北流,没有,0
145837,来义,没有,0
173507,顶乡,没有,0
14675,铁岭,没有,0
144248,兴县,没有,0
140565,南丹,没有,0
205421,万达长白山滑雪度假区,没有,0
173561,桐乡,没有,0
173729,福兴乡,没有,0
144249,岚县,没有,0
10428,兴安古镇,没有,0
34380,绥芬河,没有,0
173732,花坛乡,没有,0
63563,镇康,没有,0
66282,汾西,没有,0
20908,图们,没有,0
63613,荔浦,没有,0
64713,宽甸,没有,0
141444,镇雄,没有,0
141441,威信,没有,0
23465,师家沟,没有,0
84744,防城,没有,0
20885,阜新,没有,0
141522,镇沅,没有,0
175562,万荣（山西）,没有,0
141484,昌宁,没有,0
143723,娜姑,没有,0
44535,大化,没有,0
141516,兰坪,没有,0
32500,松花湖,没有,0
141443,永善,没有,0
143417,罗城,没有,0
140669,夏县,没有,0
25645,凌云,没有,0
63884,珲春,没有,0
141442,彝良,没有,0
144239,和平镇,没有,0
63834,宾阳,没有,0
144254,静乐,没有,0
14456,止锚湾,没有,0
173735,社头乡,没有,0
66283,中阳,没有,0
33151,集安,没有,0
145938,二林,没有,0
66260,兴安,没有,0
145821,卓兰,没有,0
22558,白城,没有,0
144251,古交,没有,0
143420,马山,没有,0
145813,后龙,没有,0
64734,敦化,没有,0
63821,象州,没有,0
144233,蒲县,没有,0
173789,三湾乡,没有,0
63590,横县,没有,0
175574,和顺（山西）,没有,0
173738,秀水乡,没有,0
12400,鸡西,没有,0
140670,隆安,没有,0
144218,沁县,没有,0
64706,长海,没有,0
64858,抚松,没有,0
173741,永靖乡,没有,0
140671,都安,没有,0
173756,埔盐乡,没有,0
173759,埤头乡,没有,0
21765,交口,没有,0
144220,屯留,没有,0
34385,绥化,没有,0
141440,绥江,没有,0
33373,博白,没有,0
141492,牟定,没有,0
19131,圣王坪,没有,0
29822,皇城相府,没有,0
62068,朝阳,没有,0
143716,绮罗村,没有,0
62635,永福,没有,0
64712,凤城,没有,0
141514,永德,没有,0
143419,融安,没有,0
13519,临江,没有,0
18050,永芝,没有,0
144237,佃坪乡,没有,0
63026,岑溪,没有,0
143712,水碓村,没有,0
144240,团柏乡,没有,0
28647,天龙山,没有,0
202778,北大壶,没有,0
141531,西畴,没有,0
15990,晋祠,没有,0
144236,拖阏,没有,0
62067,松原,没有,0
141494,双柏,没有,0
63828,平果,没有,0
64733,长白,没有,0
26453,哀牢山,没有,0
16398,娘子关,没有,0
144242,永安镇,没有,0
63817,鹿寨,没有,0
12369,鹤岗,没有,0
173753,埔心乡,没有,0
144241,邢家要乡,没有,0
173750,芳苑乡,没有,0
173744,大村乡,没有,0
66315,尚志,没有,0
63023,平乐县,没有,0
173747,伸港乡,没有,0
20251,藏山,没有,0
145816,头屋,没有,0
145818,苑里,没有,0
63819,环江,没有,0
60225,桓仁,没有,0
144238,对竹镇,没有,0
47012,土林,没有,0
11823,老牛湾,没有,0
174134,冬山乡,没有,0
20790,武家湾,没有,0
63818,上思,没有,0
18382,辽源,没有,0
62066,四平,没有,0
63909,瓦房店,没有,0
174137,大同乡,没有,0
15105,张壁古堡,没有,0
18509,雁门关,没有,0
143413,扶绥,没有,0
18413,鹳雀楼,没有,0
143421,浦北,没有,0
140740,庄河,没有,0
174131,员山乡,没有,0
134707,金州,没有,0
38244,杀虎口,没有,0
143414,灌阳,没有,0
18167,碧罗雪山,没有,0
63831,凤山县,没有,0
27055,飞来寺,没有,0
64731,蛟河,没有,0
28155,柏洼山,没有,0
143415,平南,没有,0
28976,同江,没有,0
24070,梁王山,没有,0
16524,高黎贡山,没有,0
14759,芦芽山,没有,0
24546,广胜寺,没有,0
18429,滇越铁路,没有,0
174773,灵山县,没有,0
64760,海城,没有,0
33955,大寨,没有,0
18306,橄榄坝,没有,0
19980,王莽岭,没有,0
140622,陆川,没有,0
66314,本溪县,没有,0
15989,悬空寺,没有,0
10267,张家界,三下锅,361
10267,张家界,腊野味,188
10267,张家界,葛根粉,154
10267,张家界,小炒肉,14
10267,张家界,猕猴桃汁,14
10267,张家界,血豆腐,6
17757,大理蝴蝶泉,没有,0
16642,盖州,没有,0
143411,田阳,没有,0
63825,那坡,没有,0
10466,长沙,臭豆腐,536
10466,长沙,糖油粑粑,221
10466,长沙,口味虾,185
10466,长沙,杨裕兴,121
10466,长沙,姊妹团子,38
10466,长沙,剁椒鱼头,25
10466,长沙,刮凉粉,23
10466,长沙,德园,21
10466,长沙,麻辣仔鸡,11
10466,长沙,黄鸭叫,8
10024,凤凰古镇,血粑鸭,675
10024,凤凰古镇,腊肉,515
10024,凤凰古镇,酸汤鱼,340
10024,凤凰古镇,社饭,236
10024,凤凰古镇,米豆腐,220
10024,凤凰古镇,凉粉,104
10024,凤凰古镇,酸萝卜,94
10024,凤凰古镇,桐叶粑,32
10024,凤凰古镇,罐罐菌炒肉,21
10024,凤凰古镇,板栗炖鸡,2
17980,玉几岛,没有,0
63027,钟山县,没有,0
64727,虎林,没有,0
143416,东兰,没有,0
17981,苍山,没有,0
13287,湘西,没有,0
63820,武宣,没有,0
140747,北镇,没有,0
11886,衡山,没有,0
63025,藤县,没有,0
174128,壮围乡,没有,0
64711,东港,没有,0
10792,郴州,没有,0
23045,侯硐,没有,0
57887,天峨,没有,0
27077,逊克,没有,0
20829,野柳,没有,0
10398,衡阳,没有,0
62063,双鸭山,没有,0
143765,天等,没有,0
64861,龙井,没有,0
145931,竹东,没有,0
145930,新埔,没有,0
14104,岳阳,没有,0
63830,宁明,没有,0
143418,忻城,没有,0
24853,辉南,没有,0
64723,嘉荫,没有,0
12254,韶山,没有,0
143766,合山,没有,0
21916,株洲,没有,0
145933,芎林,没有,0
174734,隆林各族自治县,没有,0
64715,新宾,没有,0
145814,通霄,没有,0
23078,怀化,没有,0
145932,北埔,没有,0
34260,塔河,没有,0
174110,宝山乡,没有,0
143409,田东,没有,0
34888,湘潭,没有,0
143816,密山,没有,0
17758,南诏风情岛,没有,0
17594,乌苏里江,没有,0
17070,常德,没有,0
64708,大洼,没有,0
16003,岳麓山,没有,0
174821,雁山区,没有,0
10416,鸡足山,没有,0
18051,崇圣寺,没有,0
34639,吉首,没有,0
140563,苍梧,没有,0
64716,清原,没有,0
15947,洱海,没有,0
15540,邵阳,没有,0
140692,柳城,没有,0
63596,平江,没有,0
143423,兴业,没有,0
64709,岫岩,没有,0
143410,田林县,没有,0
16672,阿佤山,没有,0
174800,覃塘区,没有,0
20244,白马雪山,没有,0
22460,永州,没有,0
143412,西林,没有,0
143813,北安,没有,0
64719,杜尔伯特,没有,0
18660,长发村,没有,0
44658,武陵源,没有,0
18149,独龙江,没有,0
144158,大石桥,没有,0
84712,和平乡,没有,0
17363,娄底,没有,0
16005,芙蓉镇,没有,0
15951,纳帕海,没有,0
176936,梨树,没有,0
28668,十万大山,没有,0
15953,普达措,没有,0
15393,益阳,没有,0
10364,德天瀑布,没有,0
64717,呼玛,没有,0
174104,新丰乡,没有,0
174107,峨眉乡,没有,0
144154,调兵山,没有,0
17002,鹅泉,没有,0
173762,溪州乡,没有,0
18973,左江,没有,0
63595,资兴,没有,0
64728,饶河,没有,0
173765,田尾乡,没有,0
20331,三娘湾,没有,0
173525,六脚乡,没有,0
84644,南岳区,没有,0
12697,浏阳,没有,0
39075,梅河口,没有,0
16935,明仕田园,没有,0
173528,东石乡,没有,0
14455,靖港古镇,没有,0
62064,七台河,没有,0
18100,斜阳岛,没有,0
173522,新港乡,没有,0
176918,友谊,没有,0
11271,洪江,没有,0
173519,溪口乡,没有,0
139641,衡东,没有,0
144539,朴子,没有,0
37262,桂林虞山公园,没有,0
140751,普兰店,没有,0
175367,长沙县,没有,0
15952,松赞林寺,没有,0
174812,福绵区,没有,0
64860,和龙,没有,0
64725,宁安,没有,0
140624,宁乡,没有,0
15944,千龟山,没有,0
21624,海洋山,没有,0
64720,铁力,没有,0
33074,九子海,没有,0
18927,大容山,没有,0
176744,富裕,没有,0
140742,汝城,没有,0
22173,程阳,没有,0
143821,东宁,没有,0
22606,兴坪,没有,0
17914,阿庐古洞,没有,0
18017,金秀大瑶山,没有,0
66316,前郭尔罗斯县,没有,0
18875,通道,没有,0
17959,抚仙湖,没有,0
176825,汤旺河,没有,0
10442,拉萨,甜茶,634
25576,轿子雪山,没有,0
10442,拉萨,酸奶,577
10442,拉萨,酥油茶,573
10442,拉萨,藏面,278
10442,拉萨,青稞酒,235
10442,拉萨,糌粑,212
10442,拉萨,凉粉,66
10442,拉萨,土豆包子,34
10442,拉萨,牦牛肉干,27
11723,芷江,没有,0
17817,九乡,没有,0
64710,灯塔,没有,0
40453,大山包,没有,0
10814,林芝,没有,0
23558,螳螂川,没有,0
28341,汨罗,没有,0
173516,民雄乡,没有,0
10417,纳木错,没有,0
173534,鹿草乡,没有,0
145810,大埔乡,没有,0
140549,宾县,没有,0
145851,盐埔,没有,0
145834,高树,没有,0
36299,望城,没有,0
176684,开原,没有,0
10073,阿里,没有,0
145838,里港,没有,0
18548,茶峒,没有,0
145854,麟洛,没有,0
63583,新化,没有,0
144148,义县,没有,0
11474,日喀则,没有,0
143810,木兰,没有,0
145846,万丹,没有,0
16006,德夯,没有,0
173510,长治乡,没有,0
29221,狮子山,没有,0
63581,桃源,没有,0
10811,珠穆朗玛峰,没有,0
63580,石门,没有,0
64726,萝北,没有,0
144149,法库,没有,0
18305,勐景来,没有,0
38279,依兰,没有,0
10079,墨脱,没有,0
17325,江永,没有,0
143809,方正,没有,0
16141,文海,没有,0
15945,黑龙潭公园,没有,0
64127,新宁,没有,0
38413,波密,没有,0
63594,宜章,没有,0
15894,拉市海,没有,0
143814,嫩江,没有,0
18312,曼旦,没有,0
144150,康平,没有,0
57014,安化,没有,0
64485,永顺,没有,0
11606,山南,酥油茶,21
11606,山南,酸奶,12
11606,山南,糌粑,12
11606,山南,青稞酒,8
11606,山南,风干肉,1
18991,乾安,没有,0
39124,磨憨,没有,0
66280,炎陵,没有,0
11662,那曲,没有,0
63587,道县,没有,0
144143,凌源,没有,0
15681,冈仁波齐,没有,0
17962,豆沙关,没有,0
175316,津市市,没有,0
64721,林甸,没有,0
144540,太保,没有,0
21606,芒康,没有,0
64093,溆浦,没有,0
173591,水林乡,没有,0
145824,名间,没有,0
64707,盘山（辽宁）,没有,0
22088,武冈,没有,0
11700,昌都,没有,0
173552,林内乡,没有,0
140757,江华,没有,0
173780,二水乡,没有,0
66278,耒阳,没有,0
176939,公主岭,没有,0
144151,辽中,没有,0
173777,竹塘乡,没有,0
56286,雅鲁藏布江,没有,0
29862,左贡,没有,0
20000,黔城,没有,0
143885,德惠,没有,0
173768,芬园乡,没有,0
143886,榆树,没有,0
63450,八宿,没有,0
63538,比如,没有,0
21407,隆回,没有,0
173774,线西乡,没有,0
143887,磐石,没有,0
64125,花垣,没有,0
173555,古坑乡,没有,0
27437,古丈,没有,0
24194,普兰,没有,0
140599,桦甸,没有,0
51480,巴松措,没有,0
173558,大埤乡,没有,0
10812,江孜,没有,0
143881,醴陵,没有,0
23005,樟木,没有,0
173579,东势乡,没有,0
143817,富锦,没有,0
16692,吉隆,没有,0
143872,城步,没有,0
63424,工布江达,没有,0
173570,仑背乡,没有,0
62934,浪卡子,没有,0
173567,二仑乡,没有,0
143822,林口,没有,0
63432,察隅,没有,0
64732,靖宇,没有,0
84778,慈利县,没有,0
145935,虎尾,没有,0
62629,拉姆拉错,没有,0
143868,祁东,没有,0
143808,巴彦,没有,0
18049,察瓦龙,没有,0
29128,盐井,没有,0
173564,褒忠乡,没有,0
146359,邦达,没有,0
63585,双峰,没有,0
144144,彰武,没有,0
64935,三地门,没有,0
145300,当雄,没有,0
64487,绥宁,没有,0
64087,沅陵,没有,0
10189,香港,云吞,812
10189,香港,蛋挞,590
10189,香港,菠萝油,417
10189,香港,鸳鸯奶茶,374
10189,香港,烧腊,178
10189,香港,车仔面,175
10189,香港,杨枝甘露,161
10189,香港,鱼蛋粉,158
10189,香港,煎酿三宝,29
10189,香港,牛腩粉,26
56359,定日,没有,0
143839,肇东,没有,0
19164,安多,没有,0
64722,通河,没有,0
22794,札达,没有,0
176624,新民,没有,0
10206,澳门,葡式蛋挞,786
10206,澳门,猪扒包,703
10206,澳门,木糠布甸,162
10206,澳门,大菜糕,120
10206,澳门,葡国鸡,93
10206,澳门,马介休,81
10206,澳门,金钱饼,68
10206,澳门,竹升打面,48
144147,黑山（辽宁）,没有,0
140750,凌海,没有,0
10035,成都,龙抄手,730
10035,成都,豆花,564
10035,成都,担担面,525
10035,成都,钟水饺,491
10035,成都,串串香,469
10035,成都,三大炮,424
10035,成都,兔头,416
10035,成都,肥肠粉,389
10035,成都,夫妻肺片,337
10035,成都,冒菜,289
143864,桂东,没有,0
63427,米林,没有,0
10136,九寨沟,牦牛肉,383
10136,九寨沟,青稞酒,316
10136,九寨沟,酥油茶,289
10136,九寨沟,青稞饼,129
10136,九寨沟,酸奶,100
10136,九寨沟,糌粑,23
10136,九寨沟,荞麦面食,7
10136,九寨沟,酸菜面块,1
10136,九寨沟,血肠,1
10143,峨眉山,豆花,110
10143,峨眉山,素斋,87
10143,峨眉山,抄手,85
10143,峨眉山,烧烤,64
10143,峨眉山,豆腐脑,54
10143,峨眉山,钵钵鸡,24
10143,峨眉山,卤鸭,23
10143,峨眉山,咔饼,14
10143,峨眉山,汤锅,14
10143,峨眉山,叶儿粑,9
20511,南岔,没有,0
63593,桂阳,没有,0
10061,稻城,酥油茶,249
10061,稻城,牦牛肉,240
10061,稻城,酸奶,106
10061,稻城,青稞酒,67
10061,稻城,青稞饼,62
10061,稻城,糌粑,48
10061,稻城,松茸炖鸡,37
10061,稻城,风干肉,7
10061,稻城,玉米面,3
10061,稻城,烙饼,1
63584,涟源,没有,0
18009,狮泉河,没有,0
10011,色达,没有,0
143830,讷河,没有,0
10091,亚丁,没有,0
63423,加查,没有,0
63588,攸县,没有,0
144140,北票,没有,0
62933,墨竹工卡,没有,0
11642,阿坝,没有,0
10163,都江堰,葱葱卷,10
10163,都江堰,尤兔头,10
10163,都江堰,冰粉,9
10163,都江堰,渣渣面,8
10163,都江堰,白果炖鸡,7
10163,都江堰,手掌鸡,3
10163,都江堰,干煸泥鳅,1
63591,宁远,没有,0
62806,亚东,没有,0
140544,靖州,没有,0
11942,川西,没有,0
145313,拉孜,没有,0
144146,建昌,没有,0
64124,龙山县,没有,0
10236,甘孜,没有,0
62928,堆龙德庆,没有,0
64730,农安,没有,0
63592,常宁,没有,0
11273,乐山,没有,0
144156,西丰,没有,0
10134,四姑娘山,没有,0
10830,萨迦,没有,0
140600,双辽,没有,0
10564,若尔盖,没有,0
175376,湘潭县,没有,0
176822,红星,没有,0
66227,聂拉木,没有,0
143827,克山,没有,0
10791,湘西南,没有,0
145310,萨嘎,没有,0
62812,班戈,没有,0
11327,海螺沟,酸奶,48
11327,海螺沟,腊肉,26
11327,海螺沟,烤全兔,24
11327,海螺沟,糌粑,4
11327,海螺沟,香猪肉,1
11327,海螺沟,奶渣,1
176669,弓长岭,没有,0
143870,新晃,没有,0
143888,永吉,没有,0
175343,衡山县,没有,0
144142,喀左,没有,0
30736,丁青,没有,0
64863,汪清,没有,0
18084,西岭雪山,豆花,11
18084,西岭雪山,虹鳟鱼,3
18084,西岭雪山,炖肘子,1
18084,西岭雪山,豆腐乳,1
143877,沅江,没有,0
10510,康定,酥油茶,200
10510,康定,牦牛肉,161
10510,康定,温泉鸡蛋,153
10510,康定,酸奶,132
10510,康定,面食,76
10510,康定,青稞酒,49
10510,康定,糌粑,41
10510,康定,凉粉,38
174263,双湖县,没有,0
176996,舒兰,没有,0
62952,贡嘎县,没有,0
140691,永兴,没有,0
64126,洞口县,没有,0
143811,延寿,没有,0
17315,牛背山,没有,0
143826,克东,没有,0
64085,会同,没有,0
143863,澧县,没有,0
62931,达孜,没有,0
11630,西昌,烧烤,211
11630,西昌,醉虾,124
11630,西昌,米粉,86
11630,西昌,坨坨肉,45
11630,西昌,炸洋芋,12
144141,建平,没有,0
10462,毕棚沟,藏式火锅,26
10462,毕棚沟,酥油茶,10
10462,毕棚沟,松茸,1
10462,毕棚沟,和尚包子,1
140597,湘乡,没有,0
63387,朗县,没有,0
63597,茶陵,没有,0
176924,大安,没有,0
21188,来古村,没有,0
64143,仲巴,没有,0
143879,湘阴,没有,0
10323,青城山,腊肉,52
10323,青城山,白果炖鸡,20
10323,青城山,泡菜,15
10323,青城山,罗鸡肉,1
64729,通榆,没有,0
63586,东安,没有,0
62926,曲水,没有,0
143883,洮南,没有,0
140756,辰溪,没有,0
12112,雅安,没有,0
143289,台安,没有,0
64128,新邵,没有,0
62956,乃东,没有,0
64086,中方,没有,0
62951,洛扎,没有,0
14727,新都桥,酥油茶,52
14727,新都桥,牦牛肉,41
14727,新都桥,糌粑,12
14727,新都桥,青稞酒,11
14727,新都桥,荞麦面食,2
175397,岳阳县,没有,0
62955,错那,没有,0
10838,阆中,没有,0
143807,肇州,没有,0
13663,绵阳,没有,0
63520,尼木,没有,0
66276,双牌,没有,0
143884,九台,没有,0
140760,祁阳,没有,0
10347,贡嘎,没有,0
143828,泰来,没有,0
143867,衡南,没有,0
64142,措勤,没有,0
143873,邵东,没有,0
145312,噶尔,没有,0
176933,扶余,没有,0
10162,黄龙,没有,0
30185,类乌齐,没有,0
144152,昌图,没有,0
174257,那曲县,没有,0
143876,南县,没有,0
64718,富拉尔基,没有,0
63582,桃江,没有,0
143818,汤原,没有,0
143869,麻阳,没有,0
63508,江达,没有,0
64141,日土,没有,0
10403,丹巴,没有,0
176765,安达（黑龙江）,没有,0
143880,桑植,没有,0
10691,汶川,没有,0
63547,巴青,没有,0
143815,鸡东,没有,0
143874,保靖,没有,0
143820,桦南,没有,0
16216,大邑,没有,0
20095,乾州镇,没有,0
10816,泸定,没有,0
63522,索县,没有,0
12555,宜宾,没有,0
176966,双阳,没有,0
143866,临武,没有,0
14669,广元,没有,0
143865,嘉禾,没有,0
143824,勃利,没有,0
21667,理县,没有,0
62808,白朗,没有,0
143812,绥滨,没有,0
174236,定结县,没有,0
10509,理塘,没有,0
145311,昂仁,没有,0
63420,曲松,没有,0
143875,泸溪,没有,0
18175,宁金抗沙峰,没有,0
143838,望奎,没有,0
15982,蜀南竹海,没有,0
12038,攀枝花,没有,0
62953,琼结,没有,0
140623,汉寿,没有,0
19312,彭州,没有,0
19392,小沙江镇,没有,0
143837,绥棱,没有,0
174230,改则县,没有,0
63021,双流,没有,0
14653,自贡,没有,0
176720,龙江（齐齐哈尔）,没有,0
18829,南充,没有,0
143862,临澧,没有,0
174275,扎囊县,没有,0
176723,碾子山,没有,0
63504,察雅,没有,0
174272,措美县,没有,0
174227,革吉县,没有,0
14754,凉山,没有,0
174287,洛隆县,没有,0
143871,冷水江,没有,0
13518,泸州,没有,0
144525,海伦,没有,0
143861,安乡,没有,0
174245,南木林县,没有,0
143834,明水,没有,0
19375,邛崃,没有,0
175334,蓝山县,没有,0
18415,松潘,没有,0
143878,华容,没有,0
15128,眉山,没有,0
143833,兰西,没有,0
18974,德阳,没有,0
143882,镇赉,没有,0
18679,江油,没有,0
140686,临湘,没有,0
174260,聂荣县,没有,0
143831,宝清,没有,0
64481,黑水,没有,0
18742,马鞍山苗寨,没有,0
63403,桑日,没有,0
143832,集贤,没有,0
64474,茂县,没有,0
14767,黄龙溪,没有,0
21261,米亚罗,没有,0
175298,邵阳县,没有,0
12427,北川,没有,0
174284,边坝县,没有,0
140550,孙吴,没有,0
62818,嘉黎,没有,0
143806,肇源,没有,0
14946,红原,没有,0
175340,衡阳县,没有,0
176828,乌伊岭,没有,0
14238,遂宁,没有,0
176978,柳河,没有,0
176708,抚顺县,没有,0
176819,五营,没有,0
174266,林周县,没有,0
175391,安仁县,没有,0
21831,广安,没有,0
174293,贡觉县,没有,0
22093,卡若拉冰川,没有,0
175337,新田县,没有,0
63013,米易,没有,0
143836,庆安,没有,0
176975,通化县,没有,0
15981,剑阁,没有,0
26026,然乌,没有,0
17739,滩头,没有,0
17776,大昭寺,没有,0
176690,清河（铁岭）,没有,0
18135,泗门洲,没有,0
15274,巴中,没有,0
26923,郫县,没有,0
174254,申扎县,没有,0
15984,邛海,没有,0
175406,株洲县,没有,0
56333,布达拉宫,没有,0
34802,崇州,没有,0
176654,辽阳县,没有,0
176582,阜新县,没有,0
15152,洞庭湖,没有,0
34333,黑麋峰,没有,0
34324,甘丹寺,没有,0
21202,马卡鲁峰,没有,0
21832,达州,没有,0
176831,金山屯,没有,0
174251,仁布县,没有,0
14769,洛带古镇,没有,0
18495,酃峰,没有,0
176543,朝阳县,没有,0
143563,西林（伊春）,没有,0
29378,莫斯卡,没有,0
176834,新青区,没有,0
174233,谢通门县,没有,0
153088,达瓦更扎,没有,0
34334,扎什伦布寺,没有,0
18938,九嶷山,没有,0
174248,康马县,没有,0
11427,羊卓雍错,没有,0
21988,雍布拉康,没有,0
11610,川北,没有,0
15979,安仁古镇,没有,0
19579,米堆冰川,没有,0
176813,上甘岭,没有,0
22405,杨木沟,没有,0
21347,乌龙山,没有,0
176585,清河门,没有,0
44453,内江,没有,0
18191,雅鲁藏布大峡谷,没有,0
20364,尼洋河,没有,0
22090,南伊沟,没有,0
10826,巴松错,没有,0
19394,周洛,没有,0
143823,穆棱,没有,0
46641,汉源,没有,0
16007,东江湖,没有,0
11719,巴塘,没有,0
174278,隆子县,没有,0
16463,犍为,没有,0
143889,东丰,没有,0
27551,米拉山,没有,0
176927,长岭,没有,0
17903,紫鹊界,没有,0
23098,南迦巴瓦峰,没有,0
15983,马尔康,没有,0
143829,依安,没有,0
13816,平乐古镇,没有,0
10833,莽山,没有,0
18287,韭菜岭,没有,0
16008,~山,没有,0
11239,贵阳,没有,0
176894,梨树（鸡西）,没有,0
37839,温江,没有,0
143825,拜泉,没有,0
10381,黔东南,酸汤鱼,374
10381,黔东南,牛肉粉,117
10381,黔东南,长桌宴,104
10381,黔东南,糯米饭,70
10381,黔东南,牛羊瘪,38
10381,黔东南,榕江卷粉,18
16004,马王堆,没有,0
66245,荥经,没有,0
11932,荔波,豆花烤鱼,86
11932,荔波,杨梅汤,76
11932,荔波,割肉粉、豆花面,52
11932,荔波,糯米饭,40
11932,荔波,酸肉,18
11932,荔波,臭酸、虾酸,17
11932,荔波,水蕨菜,13
11932,荔波,鱼包韭菜,3
11932,荔波,荔波风猪,3
176915,宝山（双鸭山）,没有,0
17927,扶苍山,没有,0
20910,柳江古镇,没有,0
18371,永州阳明山,没有,0
176948,伊通县,没有,0
10085,黄果树瀑布景区,肠旺面,17
10085,黄果树瀑布景区,花江狗肉,15
10085,黄果树瀑布景区,安顺裹卷,12
10085,黄果树瀑布景区,冰浆,5
10085,黄果树瀑布景区,夺夺粉,1
10085,黄果树瀑布景区,荞凉粉,1
10085,黄果树瀑布景区,瀑布河鱼、花江鱼,1
10085,黄果树瀑布景区,油炸粑稀饭,1
10085,黄果树瀑布景区,旧州鸡辣子,1
10085,黄果树瀑布景区,冲冲糕,1
14753,镇远,没有,0
36836,金川,没有,0
10133,武汉,热干面,1049
10133,武汉,豆皮,659
10133,武汉,武昌鱼,324
10133,武汉,鸭脖,320
10133,武汉,鲜鱼糊汤粉,153
10133,武汉,烧麦,134
10133,武汉,面窝,131
10133,武汉,油焖大虾,103
10133,武汉,欢喜坨,39
10133,武汉,排骨莲藕汤,33
10521,恩施,合渣 ,80
10521,恩施,恩施豆皮,42
10521,恩施,格格,29
10521,恩施,莼菜,13
10521,恩施,油茶汤,9
10521,恩施,薇菜烧腊肉,3
10521,恩施,掉渣饼,1
10521,恩施,广椒,1
10521,恩施,神豆腐,1
10521,恩施,刁子鱼,1
143835,青冈,没有,0
14484,西江,没有,0
15975,街子古镇,没有,0
10489,神农架,神农架腊肉,45
10489,神农架,懒豆腐,31
10489,神农架,渣广椒,2
10489,神农架,干煸土鱼,2
10489,神农架,神农腊猪蹄,1
10489,神农架,麻豆,1
10489,神农架,香茹炖土鸡,1
10489,神农架,砣砣肉,1
10489,神农架,紫苔菜炒肉,1
143819,桦川,没有,0
143890,东辽,没有,0
10490,宜昌,没有,0
13868,安顺,没有,0
10315,唐克,没有,0
10376,遵义,羊肉粉,14
10376,遵义,红油米皮,9
10376,遵义,豆花面,8
10376,遵义,洋芋粑粑,4
10376,遵义,恋爱豆腐,4
10376,遵义,鸡蛋糕,2
11257,武当山,没有,0
176807,带岭区,没有,0
10275,梵净山,江口米豆腐,15
10275,梵净山,锅巴粉,6
10275,梵净山,角角鱼,2
10275,梵净山,社饭,2
10275,梵净山,绵菜粑,1
10275,梵净山,山蕨粑,1
10275,梵净山,江口豆腐干,1
17807,笔架山,没有,0
174428,盐源县,没有,0
17625,木里,没有,0
10705,三峡,没有,0
19608,西中岛,没有,0
10046,赤水,豆花,31
10046,赤水,腊肉、腊肠,27
10046,赤水,筒筒笋,9
10046,赤水,猪儿粑,6
10046,赤水,赤水河鱼,5
10046,赤水,凉虾、凉糕、凉面,1
10046,赤水,竹燕窝、竹荪蛋,1
11254,兴义,没有,0
21061,大长山岛,没有,0
84541,新都,没有,0
10787,襄阳,没有,0
176888,麻山,没有,0
10598,上里,没有,0
18587,防川,没有,0
10782,扎龙,没有,0
18329,映秀,没有,0
10474,凯里,没有,0
13368,咸宁,没有,0
11293,十堰,没有,0
18703,连环湖,没有,0
35026,关门山,没有,0
14124,荆州,没有,0
15980,新津,黄辣丁,3
15980,新津,鱼头火锅,2
15980,新津,新津韭黄,1
15980,新津,徐公茶,1
10014,青岩古镇,没有,0
16019,净月潭,没有,0
30044,海洋岛,没有,0
19459,菊花岛,没有,0
39453,塞里岛,没有,0
63461,宝兴,没有,0
14202,黄石,没有,0
13707,铜仁,没有,0
22112,黄冈,没有,0
63044,平武,没有,0
18166,花脖山,没有,0
10103,肇兴,没有,0
18173,洪雅,没有,0
21589,黄陂,没有,0
20556,拉法山,没有,0
12950,黔南,没有,0
23051,雪谷,没有,0
10786,随州,没有,0
24438,广汉,没有,0
10839,六盘水,没有,0
19706,紫烟薰衣草庄园,没有,0
63005,九龙,没有,0
64069,利川,没有,0
11799,黔西南,没有,0
66243,小金,没有,0
63014,石棉县,没有,0
18309,波罗湖,没有,0
63057,南江,没有,0
25449,荆门,没有,0
63085,从江,没有,0
20955,镜泊湖,没有,0
63039,金堂,没有,0
143840,鹤峰,没有,0
16879,毕节,没有,0
84660,龙泉驿,没有,0
17481,麻城,没有,0
31110,镇宁,没有,0
28991,什邡,没有,0
62065,孝感,没有,0
17996,伏尔加庄园,没有,0
64074,丹江口,没有,0
22068,雷山,没有,0
27663,水磨古镇,没有,0
27474,花溪,没有,0
10401,威宁,没有,0
176726,甘南（齐齐哈尔）,没有,0
17915,都匀,没有,0
64027,赤壁,没有,0
63082,黎平,没有,0
35423,德格,没有,0
10374,格聂,没有,0
63073,织金,没有,0
63015,天全,没有,0
28346,榕江,没有,0
10638,白玉,没有,0
16273,鄂州,没有,0
62950,雅江,没有,0
16306,哈仙岛,没有,0
33436,瓜皮岛,没有,0
10221,岜沙,没有,0
35073,天桥沟,没有,0
15169,珍宝岛,没有,0
21374,洪湖,没有,0
60642,蒲江,没有,0
62977,天门,没有,0
143429,丹寨,没有,0
176804,乌马河,没有,0
63075,盘县,没有,0
10331,天龙屯堡,没有,0
144528,屏山,没有,0
17256,钟祥,没有,0
63074,黔西,没有,0
42884,绵竹,没有,0
20469,浑河源,没有,0
64081,罗田,没有,0
10271,道孚,没有,0
22024,郎德,没有,0
10065,北京,北京烤鸭,1891
10065,北京,炸酱面,1278
10065,北京,瓷瓶儿酸奶,1256
10065,北京,炒肝,859
10065,北京,爆肚,837
10065,北京,豆汁儿焦圈,809
10065,北京,卤煮,575
10065,北京,豌豆黄,453
10065,北京,驴打滚,446
10065,北京,冰糖葫芦,376
10099,上海,生煎,479
10099,上海,汤包,303
10099,上海,红烧肉,68
10099,上海,鲜肉月饼,54
10099,上海,白斩鸡,40
10099,上海,排骨年糕,35
10099,上海,糕团,28
10099,上海,糖醋小排,26
10099,上海,酱鸭,25
10099,上海,熏鱼,20
21530,大悟,没有,0
29010,李庄古镇,没有,0
206888,赤水河谷,没有,0
10208,重庆,火锅,2916
10208,重庆,酸辣粉,1363
10208,重庆,小面,1321
10208,重庆,抄手,916
10208,重庆,鸡杂,755
10208,重庆,豆花,660
10208,重庆,毛血旺,496
10208,重庆,泉水鸡,203
10208,重庆,辣子鸡,180
10208,重庆,水煮鱼,169
62078,资阳,没有,0
10320,天津,煎饼果子,360
10320,天津,锅巴菜,223
10320,天津,熟梨糕,107
10320,天津,罾蹦鲤鱼,40
10320,天津,爆三样,35
10320,天津,八大碗,19
10320,天津,笃面筋,10
10320,天津,炒青虾仁,8
10320,天津,贴饽饽,6
10320,天津,坛子肉,1
63048,隆昌,没有,0
21641,安陆,没有,0
63080,桐梓,没有,0
24324,贵定,没有,0
63007,会理,没有,0
63081,三都,没有,0
16165,炉霍,没有,0
64073,巴东,没有,0
16871,开阳,没有,0
62949,新龙县,没有,0
62976,潜江,没有,0
63006,冕宁,没有,0
63078,晴隆,没有,0
21254,堂安,没有,0
175214,江夏区,没有,0
63056,华蓥,没有,0
143425,大方,没有,0
21469,乡城,没有,0
140675,龙里,没有,0
140666,长阳,没有,0
27665,赫章,没有,0
35409,简阳,没有,0
63049,青川,没有,0
35213,石渠,没有,0
140620,宜都,没有,0
10788,南漳,没有,0
143770,道真,没有,0
18427,郧西,没有,0
140674,平塘,没有,0
25843,彭山,没有,0
140601,仁怀,没有,0
63076,绥阳,没有,0
63052,叙永,没有,0
16422,大渡河,没有,0
62978,仙桃,没有,0
143857,孝昌,没有,0
27879,京山,没有,0
63055,古蔺,没有,0
143442,石阡,没有,0
140586,湄潭,没有,0
11330,紫云,没有,0
140745,英山县,没有,0
18264,红安,没有,0
63017,仁寿县,没有,0
63079,贞丰,没有,0
64082,黄梅,没有,0
64463,习水,没有,0
140607,剑河,没有,0
63047,安岳,没有,0
64080,通山,没有,0
63018,金口河,没有,0
66254,平坝县,没有,0
21793,小黄侗寨,没有,0
175211,东西湖区,没有,0
23413,昭化古镇,没有,0
175208,蔡甸区,没有,0
140585,福泉,没有,0
10235,壤塘,没有,0
143435,罗甸,没有,0
64077,当阳,没有,0
63020,沐川,没有,0
143768,关岭,没有,0
30045,秭归,没有,0
143443,思南,没有,0
143426,清镇,没有,0
17731,峨边,没有,0
63421,蕲春,没有,0
64477,独山,没有,0
63610,江口,没有,0
66255,台江,没有,0
143432,天柱,没有,0
24598,罗江,没有,0
143843,大冶,没有,0
64083,阳新,没有,0
10789,远安,没有,0
143430,黄平,没有,0
63058,大竹,没有,0
63054,合江,没有,0
64070,咸丰,没有,0
63051,大英,没有,0
66244,盐边,没有,0
140584,修文,没有,0
64072,建始,没有,0
63042,兴文,没有,0
143434,惠水,没有,0
143853,崇阳,没有,0
150368,万源,没有,0
143444,松桃,没有,0
33119,射洪,没有,0
140621,谷城,没有,0
175238,新洲区,没有,0
66253,水城,没有,0
25054,元通,没有,0
174536,中江县,没有,0
25311,汉川,没有,0
143428,息烽,没有,0
143851,广水,没有,0
140683,松滋,没有,0
64076,五峰,没有,0
15968,大同古镇,没有,0
143847,房县,没有,0
16715,武胜,没有,0
140748,应城,没有,0
19183,望鱼古镇,没有,0
174509,青白江区,没有,0
64071,宣恩,没有,0
28507,隆里,没有,0
66256,锦屏,没有,0
63011,雷波县,没有,0
63084,施秉县,没有,0
143855,保康,没有,0
25128,渠县,没有,0
140618,兴山县,没有,0
66247,资中,没有,0
63077,安龙县,没有,0
140577,安县,没有,0
63046,荣县,没有,0
140746,枣阳,没有,0
63083,麻江县,没有,0
43564,浠水,没有,0
19973,彭镇,没有,0
143431,三穗,没有,0
143842,武穴,没有,0
174677,六枝特区,没有,0
144532,乐至,没有,0
143440,兴仁,没有,0
66248,邻水,没有,0
18171,来凤,没有,0
63016,青神,没有,0
143850,竹溪,没有,0
30494,罗泉古镇,没有,0
143710,纳灰村,没有,0
15969,南龙古寨,没有,0
143854,嘉鱼县,没有,0
174554,威远县,没有,0
143436,瓮安,没有,0
140744,通城,没有,0
143771,务川,没有,0
140583,通江,没有,0
143450,正安,没有,0
141446,虹口乡,没有,0
143447,玉屏侗族自治县,没有,0
143446,印江土家族苗族自治县,没有,0
140616,长顺,没有,0
143858,云梦,没有,0
174431,德昌县,没有,0
143856,老河口,没有,0
143848,郧阳区,没有,0
63008,普格,没有,0
10801,纳雍,没有,0
63045,梓潼,没有,0
143860,枝江,没有,0
143852,随县,没有,0
64078,沙洋,没有,0
140581,宣汉,没有,0
143441,德江,没有,0
140578,苍溪,没有,0
84899,汉南,没有,0
143859,宜城,没有,0
143846,石首,没有,0
143448,凤冈,没有,0
63053,泸县,没有,0
63019,夹江,没有,0
143845,监利,没有,0
143438,普安,没有,0
63041,长宁,没有,0
143849,竹山县,没有,0
143437,册亨,没有,0
143844,公安县,没有,0
185132,川主寺镇,没有,0
174527,三台县,没有,0
143841,团风,没有,0
143449,余庆,没有,0
63050,旺苍,没有,0
25409,车江三宝侗寨,没有,0
144533,富顺,没有,0
175187,江陵县,没有,0
26306,文佛山,没有,0
174590,南部县,没有,0
63009,宁南,没有,0
30700,施洞,没有,0
21922,摆贝,没有,0
144529,筠连,没有,0
22942,习家池,没有,0
174710,万山区,没有,0
174605,蓬安县,没有,0
143769,金沙县,没有,0
51644,昙华林,没有,0
143439,望谟,没有,0
24362,木兰天池,没有,0
174473,丹棱县,没有,0
174611,营山县,没有,0
143424,普定,没有,0
143445,沿河土家族自治县,没有,0
143433,岑巩,没有,0
26062,高庙镇,没有,0
18092,南江大峡谷,没有,0
19591,漳河水库,没有,0
17740,武赤壁,没有,0
174470,名山区,没有,0
60284,织金洞,没有,0
21382,怀远古镇,没有,0
15985,瓦切,没有,0
16798,得荣,没有,0
17976,神农架老君山,没有,0
17179,水银河,没有,0
16012,户部巷,没有,0
14776,黄鹤楼,没有,0
18799,文赤壁,没有,0
63010,美姑,没有,0
22435,茂兰,没有,0
20472,大九湖,没有,0
19704,古隆中,没有,0
16886,牛棚梁子,没有,0
174608,仪陇县,没有,0
16741,加榜梯田,没有,0
22345,韭菜坪,没有,0
33317,罗田天堂寨,没有,0
22800,长嵌沟,没有,0
32450,马岭河峡谷,没有,0
174578,蓬溪县,没有,0
144527,江安,没有,0
10440,黄山,毛豆腐,411
10440,黄山,臭鳜鱼,297
10440,黄山,蟹壳黄,241
10440,黄山,石鸡,61
10440,黄山,蕨菜,36
10440,黄山,一品锅,16
10440,黄山,腊八豆腐,9
10440,黄山,甜酒,2
10440,黄山,芙蓉糕,2
10440,黄山,豆腐老鼠,1
10195,西安,肉夹馍,1656
10195,西安,灌汤包,1346
10195,西安,凉皮,1176
10195,西安,胡辣汤,602
10195,西安,酸菜炒米,380
10195,西安,冰峰汽水,312
10195,西安,甑糕,230
10195,西安,涮牛肚,189
10195,西安,锅盔,177
10195,西安,水盆羊肉,174
174593,西充县,没有,0
174455,仁和区,没有,0
10825,宏村,毛豆腐,164
10825,宏村,臭鳜鱼,121
10825,宏村,蟹壳黄,108
10825,宏村,鸡腿,76
10825,宏村,五加皮炒蛋,19
10825,宏村,腊八豆腐,13
10825,宏村,御膳饼,6
10825,宏村,笋衣烧肉,5
10825,宏村,石耳炖土鸡,3
10825,宏村,乌饭,3
10799,青海湖,手抓羊肉,287
10799,青海湖,老酸奶,222
10799,青海湖,面片,204
10799,青海湖,牦牛肉干,100
10240,敦煌,驴肉黄面,637
10240,敦煌,杏皮水,417
10240,敦煌,敦煌酿皮子,130
10240,敦煌,敦煌臊子面,92
10240,敦煌,羊肉粉汤,54
10240,敦煌,敦煌浆水面,38
174467,芦山县,没有,0
10793,合肥,小龙虾,12
10793,合肥,老母鸡汤,7
10793,合肥,臭鳜鱼,6
10793,合肥,鸭油烧饼,6
10793,合肥,四大名点,2
10793,合肥,吴山贡鹅,1
10793,合肥,咸鸭烧黄豆,1
10793,合肥,泥鳅挂面,1
10577,华山,凉粉,38
10577,华山,大刀面,9
10577,华山,,5
10577,华山,麻食泡,1
10577,华山,香椿辣子,1
10577,华山,杂肝泡,1
10577,华山,踅面,1
10577,华山,菜疙瘩,1
10577,华山,槐花麦饭,1
174530,盐亭县,没有,0
11264,九华山,没有,0
145301,马尼干戈,没有,0
10800,西宁,酸奶,406
10800,西宁,酿皮,159
10800,西宁,手抓羊肉,94
10800,西宁,羊肠面,62
10800,西宁,甜醅,60
10800,西宁,干拌,15
10800,西宁,青海土火锅,13
10800,西宁,尕面片,10
10800,西宁,熬茶,9
174626,平昌县,没有,0
10803,芜湖,没有,0
146002,猎塔湖,没有,0
10783,兰州,兰州牛肉面,333
10783,兰州,酿皮,107
10783,兰州,杏皮水,93
10783,兰州,手抓羊肉及黄焖羊肉,90
10783,兰州,甜醅,85
10783,兰州,牛奶鸡蛋醪糟,60
10783,兰州,灰豆子,53
10783,兰州,炒面片,32
10783,兰州,三泡台,25
10783,兰州,烤羊肉串,25
14745,徽杭古道,没有,0
13125,歙县,没有,0
16480,俄亚,没有,0
10076,甘南,酸奶,234
10076,甘南,酥油茶,104
10076,甘南,糌粑,104
10076,甘南,手抓肉,95
10076,甘南,藏包,66
10076,甘南,蕨麻米饭,13
10076,甘南,蕨麻猪,9
10076,甘南,拉卜楞面包,2
174434,越西县,没有,0
14978,黟县,没有,0
10218,乌鲁木齐,烤肉,113
10218,乌鲁木齐,大盘鸡,93
10218,乌鲁木齐,手抓饭,85
10218,乌鲁木齐,馕,79
10218,乌鲁木齐,拌面,50
10218,乌鲁木齐,奶茶,39
10218,乌鲁木齐,烤包子,37
10218,乌鲁木齐,烤全羊,14
10218,乌鲁木齐,米肠子与面肺子,9
10218,乌鲁木齐,羊杂碎,2
174614,岳池县,没有,0
11443,西递,没有,0
10732,喀纳斯,烤鱼,118
10732,喀纳斯,烤肉串,114
10732,喀纳斯,馕,91
10732,喀纳斯,拌面,77
10732,喀纳斯,纳仁,51
10732,喀纳斯,煮全羊,23
10732,喀纳斯,马奶酒,7
10732,喀纳斯,油塔子,3
174437,会东县,没有,0
10771,银川,手抓羊肉,64
10771,银川,羊杂碎,23
10771,银川,八宝茶,20
10771,银川,羊肉搓面,18
10771,银川,黄河鲤鱼,11
10771,银川,香酥鸡,2
11259,宣城,没有,0
11340,张掖,搓鱼,127
11340,张掖,卷子鸡,89
11340,张掖,炒炮,62
11340,张掖,牛肉小饭,53
11340,张掖,杏皮茶,36
11340,张掖,炒拨拉,14
11340,张掖,胡辣羊蹄,5
11340,张掖,三泡台,4
11340,张掖,羊肉香头面&羊筏子,3
11340,张掖,臊面包子&臊子面汤,1
22673,绩溪,没有,0
14941,天柱山,没有,0
174518,南溪区,没有,0
24998,皖南,没有,0
11471,伊犁,烤肉,87
11471,伊犁,手抓饭,65
11471,伊犁,马奶,59
11471,伊犁,冰淇淋,33
11471,伊犁,卡瓦斯,26
11471,伊犁,凉粉,9
11471,伊犁,马肠,8
11471,伊犁,纳仁,6
11471,伊犁,米肠,6
11471,伊犁,油塔子,2
12058,安庆,没有,0
10757,北疆,没有,0
140579,喜德,没有,0
11353,嘉峪关,杏皮茶,122
11353,嘉峪关,嘉峪关面食,84
11353,嘉峪关,嘉峪关烤肉,75
11353,嘉峪关,沙葱,5
15364,蚌埠,没有,0
174638,开江县,没有,0
18741,马鞍山,没有,0
15293,酒泉,没有,0
144530,珙县,没有,0
39486,池州,没有,0
10087,壶口瀑布,没有,0
174443,甘洛县,没有,0
11349,延安,没有,0
15743,滁州,没有,0
174440,昭觉县,没有,0
18372,咸阳,泡泡油糕,3
18372,咸阳,烧鸡,1
18372,咸阳,水豆腐,1
18372,咸阳,御面,1
18372,咸阳,白吉饼,1
18372,咸阳,荷叶馍,1
18372,咸阳,花馍,1
174491,井研县,没有,0
16230,塔川,没有,0
11328,六安,没有,0
11274,查济,没有,0
10468,喀什,馕,85
10468,喀什,酸奶,57
10468,喀什,抓饭,53
10468,喀什,羊肉串,32
10468,喀什,拌面,28
10468,喀什,冰淇凌,17
10468,喀什,切糕,9
10468,喀什,石榴汁,8
10468,喀什,凉皮,6
10468,喀什,馕坑肉,4
174479,马边彝族自治县,没有,0
174629,恩阳区,没有,0
10469,吐鲁番,水果,190
10469,吐鲁番,烤肉,47
10469,吐鲁番,馕,42
10469,吐鲁番,拌面,34
10469,吐鲁番,手抓饭,24
10469,吐鲁番,卡瓦斯,16
10469,吐鲁番,烤全羊,14
174545,沿滩区,没有,0
16717,双沙,没有,0
27725,泾县,没有,0
10531,太白山,锅盔,6
10531,太白山,茶酥,1
10531,太白山,玉米醪糟,1
10531,太白山,洋芋搅团,1
174449,金阳县,没有,0
63040,高县,没有,0
18400,阿勒泰,没有,0
174446,布拖县,没有,0
20698,大藏寺,没有,0
14382,三河古镇,没有,0
22564,巢湖,没有,0
19603,祁连,没有,0
44963,淮南,没有,0
21479,鼓城山,没有,0
20387,螺髻山,没有,0
33980,呈坎,没有,0
13366,汉中,面皮,45
13366,汉中,菜豆腐,36
13366,汉中,粉皮,10
13366,汉中,浆水面,6
13366,汉中,罐罐茶,4
13366,汉中,红豆腐,3
13366,汉中,菜豆腐节节,1
33045,伍须海,没有,0
22946,铜陵,没有,0
10770,沙坡头,没有,0
20566,亳州,没有,0
10784,天水,没有,0
18230,金刚寺,没有,0
15091,淮北,没有,0
26003,休宁,没有,0
14369,宝鸡,没有,0
15971,木格措,没有,0
10832,禾木,奶茶,44
10832,禾木,羊肉,41
10832,禾木,馕,37
10832,禾木,拌面,21
10832,禾木,手抓饭,11
10832,禾木,烤肉,9
14453,塔公,没有,0
14777,渭南,没有,0
16327,石潭,没有,0
23993,毛垭大草原,没有,0
18790,中卫,没有,0
36300,亚青寺,没有,0
16787,金寨,没有,0
64465,青阳,没有,0
10817,年保玉则,没有,0
30827,石台,没有,0
10461,巴郎山,没有,0
11411,雀儿山,没有,0
35418,新路海,没有,0
31420,日乌切沟,没有,0
13153,门源,没有,0
62057,阜阳,没有,0
18780,巴王海,没有,0
20876,格尔木,没有,0
16697,九架海,没有,0
64543,宁国,没有,0
62058,宿州,没有,0
10318,党岭,没有,0
17988,布尔津,没有,0
24540,燕子沟,没有,0
60742,华阴,没有,0
64457,寿县,没有,0
11613,榆林,榆林豆腐,14
11613,榆林,羊杂碎,9
11613,榆林,拼三鲜,5
11613,榆林,炸豆奶,1
11613,榆林,炉馍馍,1
11613,榆林,香哪,1
11613,榆林,荞面圪坨,1
11613,榆林,粉浆饭,1
15143,桐城,没有,0
10758,南疆,没有,0
64459,岳西,没有,0
10055,可可西里,没有,0
29937,天意谷,没有,0
17882,家朋,没有,0
21961,猛董,没有,0
15896,光雾山,没有,0
18715,南屏,没有,0
11348,哈密,没有,0
84669,临潼,没有,0
16813,海西,没有,0
140613,旌德,没有,0
29725,扬扬拉措,没有,0
64470,凤阳,没有,0
18108,雅家梗,没有,0
15017,克拉玛依,没有,0
30808,川主寺,没有,0
18228,碧峰峡,没有,0
10566,瓦屋山,没有,0
64461,潜山,没有,0
64466,肥西,没有,0
17879,天山,没有,0
12444,德令哈,没有,0
19730,扎尕那,没有,0
17015,玉带湖,没有,0
14495,郎木寺,没有,0
132248,深渡镇,没有,0
42544,唐模,没有,0
31873,成都东区音乐公园,没有,0
14410,安康,没有,0
64455,霍山县,没有,0
62074,海北藏族自治州,没有,0
15976,熊猫基地,没有,0
64544,祁门,没有,0
10837,拉卜楞寺,没有,0
20840,k王山,没有,0
187160,齐云山镇,没有,0
13849,武威,没有,0
24828,夏河,没有,0
16907,九襄,没有,0
64456,舒城,没有,0
16142,库车,没有,0
33919,靖边,没有,0
18868,夹金山,没有,0
12289,库尔勒,没有,0
60721,广德,没有,0
11261,当涂,没有,0
42226,卢村,没有,0
15986,神木垒,没有,0
143522,西溪南镇,没有,0
143304,天长,没有,0
10581,坎布拉,没有,0
24525,棠樾,没有,0
10604,贵德,酿皮,11
10604,贵德,干拌,1
10604,贵德,锅盔狗浇尿,1
10604,贵德,尕面片,1
21490,东拉山,没有,0
15977,武侯祠,没有,0
15973,锦里,没有,0
15072,潜口,没有,0
18231,巴音郭楞,没有,0
64468,庐江,没有,0
15129,邛崃天台山,没有,0
11294,玉树,没有,0
143326,和县,没有,0
18008,阿克苏,没有,0
29908,定远,没有,0
64458,太湖县,没有,0
140672,颍上,没有,0
64546,怀远,没有,0
36763,九龙沟,没有,0
143303,全椒,没有,0
24644,石象湖,没有,0
15970,赵公山,没有,0
64467,肥东,没有,0
12861,商洛,没有,0
17985,大柴旦,没有,0
18965,大瓦山,没有,0
14943,白哈巴,没有,0
143521,太和,没有,0
15978,杜甫草堂,没有,0
14072,石河子,没有,0
49862,乐山大佛,没有,0
64464,濉溪,没有,0
15462,昌吉,没有,0
15974,金沙遗址,没有,0
143525,南陵,没有,0
45900,平凉,没有,0
19051,青羊宫,没有,0
139682,霞坑,没有,0
15972,宽窄巷子,没有,0
16026,韩城,没有,0
143355,蒙城,没有,0
174176,伊宁县,没有,0
25941,药王谷,没有,0
143526,无为,没有,0
17497,陕北,没有,0
29690,二郎山,没有,0
64545,明光,没有,0
21286,毛儿盖,没有,0
10135,雪宝顶,没有,0
18202,青木川,没有,0
143328,砀山,没有,0
37717,牟尼沟,没有,0
28644,铜川,没有,0
143298,东至,没有,0
143524,繁昌,没有,0
14925,七藏沟,没有,0
64462,萧县,没有,0
63095,伊宁,没有,0
145705,独库公路,没有,0
18005,和田,没有,0
143325,含山,没有,0
18277,蔡村,没有,0
24944,果洛,没有,0
46803,九峰山,没有,0
34709,陇南,没有,0
21252,凉台沟,没有,0
143291,望江,没有,0
15510,沙湖,没有,0
20627,卡龙沟,没有,0
11611,罗布泊,没有,0
63096,特克斯,没有,0
143360,郎溪,没有,0
140610,长丰,没有,0
18614,达古冰川,没有,0
84723,涡阳,没有,0
10647,孟屯河谷,没有,0
10568,玛多,没有,0
11692,塔克拉玛干沙漠,没有,0
31238,老君沟,没有,0
143306,界首,没有,0
14288,瓜州,没有,0
176207,芜湖县,没有,0
64460,宿松,没有,0
13533,三星堆,没有,0
143307,临泉,没有,0
12503,柴达木盆地,没有,0
143300,来安,没有,0
16245,鄯善,没有,0
34950,五河,没有,0
140609,灵璧,没有,0
35962,萝卜寨,没有,0
66312,固镇,没有,0
20679,窦山,没有,0
20455,观雾山,没有,0
12893,定西,没有,0
25925,格萨拉,没有,0
143324,霍邱,没有,0
16784,虎牙大峡谷,没有,0
143354,利辛,没有,0
18744,吴家后山,没有,0
62841,迭部,没有,0
143292,枞阳,没有,0
18170,双桥沟,没有,0
10602,同仁,没有,0
143302,南谯,没有,0
10630,九鼎山,没有,0
24847,蓥华山,没有,0
21368,松坪沟,没有,0
63526,久治,没有,0
64136,可可托海,没有,0
143327,泗县,没有,0
143305,阜南,没有,0
63092,昭苏,没有,0
10730,卧龙,没有,0
13897,互助,没有,0
63512,乌兰,没有,0
144275,甘泉县,没有,0
139801,郑村镇,没有,0
18447,花湖,没有,0
143319,凤台,没有,0
10156,杭州,西湖醋鱼,805
10156,杭州,东坡肉,735
10156,杭州,知味小笼,701
10156,杭州,龙井虾仁,276
10156,杭州,宋嫂鱼羹,271
10156,杭州,片儿川面,255
10156,杭州,猫耳朵,196
10156,杭州,西湖莼菜汤,148
10156,杭州,虾爆鳝面,117
10156,杭州,杭州酱鸭,107
21297,乌尔禾,没有,0
143290,怀宁,没有,0
20770,周至,没有,0
10434,乌镇,定胜糕,201
10434,乌镇,红烧羊肉,196
10434,乌镇,白水鱼,139
10434,乌镇,臭豆干,16
10434,乌镇,熏豆茶,14
10434,乌镇,乌镇酱鸭,7
132249,昌溪乡,没有,0
18394,太平湖,没有,0
64037,蓝田,没有,0
24512,垓下,没有,0
10010,西塘,臭豆腐,848
10010,西塘,馄饨,713
10010,西塘,芡实糕,440
10010,西塘,豆腐花,427
10010,西塘,粉蒸肉,403
10010,西塘,天下第一面,212
10010,西塘,粽子,161
10010,西塘,荠菜包圆,107
10010,西塘,馄饨老鸭煲,92
10010,西塘,甜酒酿,42
10155,绍兴,油炸臭豆腐,306
10155,绍兴,梅干菜焖肉,106
10155,绍兴,奶油小攀,77
10155,绍兴,糟鸡,58
10155,绍兴,酱鸭,21
10155,绍兴,萝卜丝饼,17
10155,绍兴,醉蟹,13
10155,绍兴,木莲羹,13
10155,绍兴,西施豆腐,9
10155,绍兴,霉苋菜梗,6
62076,海南藏族自治州,没有,0
41478,琅琊山,没有,0
62062,临夏,没有,0
10129,宁波,宁波汤团,78
10129,宁波,鲜肉蒸馄饨,35
10129,宁波,宁波烤菜,10
10129,宁波,鲜肉小笼包子,9
10129,宁波,宁波年糕,4
10129,宁波,雪菜大黄鱼,4
10129,宁波,冰糖甲鱼,3
10129,宁波,宁波三臭,3
10129,宁波,腐皮包黄鱼,3
10129,宁波,豆沙八宝饭,2
27402,龙须山,没有,0
11505,舟山,梭子蟹,75
11505,舟山,舟山黄鱼,53
11505,舟山,舟山带鱼,36
11505,舟山,鲳鱼,14
27269,天堂寨,没有,0
15642,庆阳,没有,0
17532,牯牛降,没有,0
11534,普陀山,普陀观音饼,24
11534,普陀山,咸菜大汤黄鱼,11
11534,普陀山,清蒸梭子蟹,9
63524,玉门,没有,0
27800,皖西大裂谷,没有,0
26390,皇藏峪,没有,0
17266,清凉峰,没有,0
18292,桃花潭,没有,0
132247,蜀源村,没有,0
10445,千岛湖,千岛湖鱼头,184
10445,千岛湖,河虾,33
10445,千岛湖,千岛玉鳖,10
10445,千岛湖,农家土鸡煲,6
10445,千岛湖,农家豆腐煲,4
10445,千岛湖,千岛湖鱼圆,3
10445,千岛湖,山笋,3
10445,千岛湖,银鱼羹,3
62824,碌曲,没有,0
10045,婺源,荷包红鲤鱼,238
10045,婺源,清明果,172
10045,婺源,糊豆腐,136
10045,婺源,粉蒸肉,120
10045,婺源,山蕨,96
10045,婺源,婺源汽糕,25
10045,婺源,灰汁果,7
11681,嘉兴,没有,0
10244,庐山,石鱼爆蛋,123
10244,庐山,庐山石耳,103
10244,庐山,庐山石鸡,86
10244,庐山,庐山小白菜,29
10244,庐山,笋衣烧肉,24
10244,庐山,庐山野芹菜,6
10439,东极岛,海鲜面,102
10439,东极岛,淡菜,35
10439,东极岛,螺类,34
10439,东极岛,虎头鱼,33
10439,东极岛,佛手,13
10439,东极岛,小黄鱼,9
10439,东极岛,野生牡蛎,3
10439,东极岛,石斑鱼,1
12702,武功山,萍乡炒粉,34
12702,武功山,腊肉、腊味,20
12702,武功山,萍乡小炒肉,13
12702,武功山,莲花血鸭,4
12702,武功山,武功紫红米,3
12702,武功山,洋辣椒,1
12702,武功山,武功山石耳,1
12702,武功山,武功山多味豆腐,1
12702,武功山,艾米果,1
11754,南昌,瓦罐煨汤,45
11754,南昌,南昌米粉,23
11754,南昌,米粉蒸肉,6
11754,南昌,藜蒿炒腊肉,5
11754,南昌,风味烤卤,5
11754,南昌,白糖糕,2
11754,南昌,油炸小品,1
17361,柞水,没有,0
62796,塔什库尔干塔吉克自治县,没有,0
10608,横店,南马肉饼,3
10608,横店,东阳土鸡煲,2
10608,横店,梅干菜烧肉,2
10608,横店,上卢馄饨,1
10608,横店,东阳沃面,1
10608,横店,萝卜丝饼,1
10608,横店,馒头嗜 ,1
10608,横店,择子豆腐 ,1
11465,三清山,熏香鸡腿,42
11465,三清山,三清山野菜,13
11465,三清山,小溪鱼、花斑鱼,2
11465,三清山,麻滋果,1
11465,三清山,竹笋炒肉片,1
11688,温州,没有,0
10089,南浔,双浇面,84
10089,南浔,臭豆腐干,35
10089,南浔,千张包,23
10089,南浔,南浔香大头菜,18
10089,南浔,绣花锦菜,14
10089,南浔,浔蹄,13
10089,南浔,熏豆茶,12
10089,南浔,风枵,6
10089,南浔,旁皮鱼,1
10089,南浔,鳝丝炒洋葱,1
16193,北屯,没有,0
10589,景德镇,冷粉,21
10589,景德镇,碱水粑,19
10589,景德镇,油炸清汤,10
10589,景德镇,饺子粑,8
10589,景德镇,苦槠豆腐,6
10589,景德镇,油墩,1
10589,景德镇,鲶鱼煮豆冲,1
10589,景德镇,瓷泥煨鸡,1
11469,嵊泗,海鲜烧烤,85
11469,嵊泗,海鲜面,80
11469,嵊泗,枸杞贻贝,62
11469,嵊泗,嵊泗梭子蟹,52
11469,嵊泗,嵊山带鱼,25
11469,嵊泗,嵊泗墨鱼,10
11469,嵊泗,石花草,2
63100,奎屯,没有,0
15219,上饶,没有,0
20772,哈巴河,没有,0
11679,九江,没有,0
10124,丽水,红烧溪鱼,6
10124,丽水,黄米果,3
10124,丽水,安仁鱼头火锅,3
10124,丽水,缙云敲肉羹,1
10124,丽水,山粉圆,1
10124,丽水,咸菜火锅,1
10124,丽水,百菇宴,1
10124,丽水,茶丰泥鳅火锅,1
10124,丽水,炒知了,1
63090,博乐,没有,0
11609,赣州,没有,0
11912,湖州,没有,0
152043,河西走廊,没有,0
30801,枸杞岛,贻贝,77
30801,枸杞岛,海鲜面,72
30801,枸杞岛,梭子蟹,28
30801,枸杞岛,虎头鱼,23
30801,枸杞岛,石花饮,3
11248,井冈山,红米饭,24
11248,井冈山,南瓜汤,18
11248,井冈山,烟笋烧肉,5
11248,井冈山,石耳炖武山鸡,5
11248,井冈山,莲花血鸭,3
11248,井冈山,石鸡,3
11248,井冈山,永新狗肉,1
11248,井冈山,干煸桔皮丝,1
14696,宜春,没有,0
11746,雁荡山,蛤蜊豆腐汤,2
11746,雁荡山,美丽黄鱼,2
11746,雁荡山,香螺,2
11746,雁荡山,鸡末香鱼,1
11746,雁荡山,雁荡山石蛙,1
11746,雁荡山,清蒸海蟹,1
11746,雁荡山,绿豆面,1
11746,雁荡山,米粉丝面,1
11746,雁荡山,土豆野味煲,1
11746,雁荡山,雁荡烙饼,1
22762,鹰潭,没有,0
10772,青铜峡,没有,0
156544,袁家村,没有,0
13298,台州,没有,0
10247,安吉,没有,0
11303,萍乡,没有,0
64053,宜川,没有,0
62060,白银,没有,0
18014,若羌,没有,0
11252,金华,没有,0
41448,吉安,没有,0
18029,巴里坤,没有,0
15273,龙虎山,没有,0
15076,临安,没有,0
15348,桐庐,没有,0
22612,山丹,没有,0
41249,抚州,没有,0
61977,塔城,没有,0
10090,楠溪江,烤全羊,27
10090,楠溪江,楠溪麦饼,17
10090,楠溪江,金粉饺,11
10090,楠溪江,红烧田鱼,7
10090,楠溪江,楠溪素面,6
10090,楠溪江,沙岗粉干,2
159537,篁岭村,没有,0
12651,衢州,没有,0
24090,杏花沟,没有,0
14125,莫干山,没有,0
18986,瑶里,没有,0
64036,户县,没有,0
34173,新余,没有,0
19009,石城,没有,0
16925,仙居,没有,0
64031,神木,没有,0
13915,鄱阳湖,没有,0
64696,桐乡,没有,0
16920,乌孙古道,没有,0
29348,瑞金,没有,0
19689,贵溪,没有,0
23697,海宁,没有,0
62070,固原,没有,0
140678,玉山县,没有,0
16000,象山,没有,0
26506,石泉,没有,0
66306,新建,没有,0
11335,樟树,没有,0
15994,朱家尖,没有,0
64045,泾阳,没有,0
16335,奉化,没有,0
16983,庆源,没有,0
62815,玛曲,没有,0
64697,嘉善,没有,0
66307,弋阳,没有,0
62079,博尔塔拉,没有,0
19652,安义古村,没有,0
12957,诸暨,没有,0
63605,轮台,没有,0
64478,义乌,没有,0
140588,宁都,没有,0
17989,巩乃斯,没有,0
63549,湟中,没有,0
66304,龙南,没有,0
10117,南麂岛,沙蛤,12
10117,南麂岛,淡菜,6
10117,南麂岛,辣螺,1
10117,南麂岛,红蛋典,1
10117,南麂岛,石斑鱼,1
10117,南麂岛,海蜒,1
63527,刚察,没有,0
63523,金塔,没有,0
19038,于都,没有,0
11626,临海,没有,0
63824,永宁,没有,0
140680,铜鼓,没有,0
62072,石嘴山,没有,0
16168,宁海,没有,0
62051,德清,没有,0
63104,沙湾,没有,0
10555,遂昌,没有,0
144112,信丰,没有,0
10798,新昌,没有,0
63034,洋县,没有,0
63099,新源,没有,0
140738,靖安,没有,0
18010,叶城,没有,0
84552,萧山,没有,0
140591,铅山县,没有,0
62075,海东,没有,0
15995,大明山,没有,0
27329,余姚,没有,0
45833,渔山岛,没有,0
17993,唐布拉草原,没有,0
62073,吴忠,没有,0
64472,武宁,没有,0
10582,天目山,没有,0
66308,浮梁,没有,0
16001,溪口,没有,0
62077,黄南,没有,0
64471,永修,没有,0
16002,长兴,没有,0
140749,富平,没有,0
64157,莲花县,没有,0
64049,黄陵,没有,0
64682,淳安,没有,0
144130,修水,没有,0
19784,岐山,没有,0
140741,星子县,没有,0
63875,太白县,没有,0
144123,瑞昌,没有,0
64694,天台,没有,0
15925,西吉,没有,0
63037,佛坪,没有,0
140596,泰和,没有,0
10139,武义,没有,0
140679,大余,没有,0
185213,梅岭,没有,0
24180,余杭,没有,0
66303,丰城,没有,0
39806,永新,没有,0
140590,鄱阳,没有,0
63877,扶风,没有,0
17385,东阳,没有,0
143934,金溪,没有,0
62828,卓尼,没有,0
144134,德兴,没有,0
10210,泰顺,没有,0
11343,玉珠峰,没有,0
15997,安昌,没有,0
66302,崇义,没有,0
198518,花鸟岛,没有,0
144116,遂川,没有,0
140677,安远,没有,0
32748,五家渠,没有,0
10154,开化,没有,0
64686,青田,没有,0
144113,兴国,没有,0
63093,霍城,没有,0
23903,宜黄,没有,0
49974,克孜勒苏柯尔克孜自治州,没有,0
143938,资溪,没有,0
12393,江山,没有,0
143937,南丰,没有,0
14176,富阳,没有,0
174179,霍尔果斯市,没有,0
22510,慈溪,没有,0
62061,金昌,没有,0
17322,苍南,没有,0
66305,安义,没有,0
16682,上虞,没有,0
64039,乾县,没有,0
140592,进贤,没有,0
64044,兴平,没有,0
10147,浙西大峡谷,没有,0
140594,乐平,没有,0
18161,云和梯田,没有,0
143936,黎川,没有,0
141561,乌苏,没有,0
140676,安福,没有,0
63603,和静,没有,0
144114,寻乌,没有,0
144119,新干,没有,0
64695,温岭,没有,0
17321,洞头,没有,0
64213,三原,没有,0
144126,上高,没有,0
15334,建德,没有,0
18176,蒲城,没有,0
144131,芦溪,没有,0
64692,乐清,没有,0
64139,奇台,没有,0
144268,潼关,没有,0
140662,高安,没有,0
62855,永靖,没有,0
144137,余干,没有,0
144115,吉水,没有,0
63531,阿克塞,没有,0
64691,永嘉,没有,0
16490,兰溪,没有,0
143935,乐安,没有,0
20650,杭州宋城旅游区,没有,0
63608,独山子,没有,0
63032,留坝,没有,0
143931,崇仁,没有,0
10834,龙泉,没有,0
144117,万安,没有,0
33285,米脂,没有,0
18011,库尔德宁,没有,0
176003,共青城市,没有,0
11255,瑞安,没有,0
62854,榆中,没有,0
62859,景泰,没有,0
144129,宜丰,没有,0
25071,汉阴,没有,0
144133,广丰,没有,0
22790,石浦,没有,0
19868,冶力关,没有,0
144111,全南,没有,0
64687,缙云,没有,0
64059,镇安,没有,0
140593,上犹,没有,0
64066,白水,没有,0
62847,天祝,没有,0
18088,景宁,没有,0
144110,会昌,没有,0
18027,额尔齐斯河,没有,0
11824,诸葛八卦村,没有,0
144125,奉新,没有,0
64685,云和,没有,0
16801,夏特古道,没有,0
64043,礼泉,没有,0
143933,广昌,没有,0
141066,嵊山,没有,0
63874,陇县,没有,0
144109,赣县,没有,0
140598,万载,没有,0
63534,尖扎,没有,0
20996,嵊州,没有,0
159530,清华镇,没有,0
64051,延川,没有,0
16498,龙门古镇,没有,0
11251,三门,没有,0
144136,万年县,没有,0
45987,磐安,没有,0
63029,宁强,没有,0
144121,德安,没有,0
17320,前童,没有,0
16334,永康,没有,0
64068,大荔,没有,0
144122,都昌,没有,0
63525,共和,没有,0
84681,柯桥,没有,0
64032,佳县,没有,0
141551,木垒,没有,0
64752,浦江,没有,0
144108,定南,没有,0
19210,钓源古村,没有,0
36563,塘栖,没有,0
140589,彭泽,没有,0
64689,文成,没有,0
63535,湟源,没有,0
17560,浙南,没有,0
144132,上栗,没有,0
10797,廿八都古镇,没有,0
63516,肃南,没有,0
144138,分宜,没有,0
66313,海盐,没有,0
63030,勉县,没有,0
64690,平阳,没有,0
64699,岱山,没有,0
143932,东乡,没有,0
63031,南郑,没有,0
144120,永丰,没有,0
64684,松阳,没有,0
12546,达坂城,没有,0
176030,南城县,没有,0
42877,龙游,没有,0
64063,商南,没有,0
62814,民乐,没有,0
23819,阿拉尔,没有,0
50808,绥德,没有,0
11518,灵武,没有,0
17016,三尖,没有,0
175994,石城县,没有,0
63876,眉县,没有,0
64038,彬县,没有,0
63180,平湖,没有,0
144139,余江,没有,0
63038,凤县,没有,0
144118,峡江,没有,0
64055,紫阳,没有,0
140801,湖口县,没有,0
15998,林坑,没有,0
43347,新市古镇,没有,0
64025,凤翔,没有,0
63515,临泽,没有,0
144135,横峰,没有,0
20762,孽龙洞,没有,0
64058,平利,没有,0
17319,慈城,没有,0
18338,郭坑口,没有,0
64061,山阳,没有,0
24411,陂,没有,0
66257,平罗,没有,0
22141,南黄古道,没有,0
18424,武陵岩,没有,0
84700,玉环,没有,0
64137,阜康,没有,0
25159,柘林湖,没有,0
152743,杨陵,没有,0
144756,冷湖,没有,0
24582,南矶山,没有,0
64683,庆元,没有,0
64062,丹凤,没有,0
21752,龟峰,没有,0
18936,檀头山,没有,0
62850,永登,没有,0
62795,里仁镇,没有,0
18249,江西齐云山,没有,0
15999,芙蓉村,没有,0
141386,新叶古镇,没有,0
28063,上堡梯田,没有,0
19148,玛纳斯,没有,0
146576,大慈岩,没有,0
16504,俞源,没有,0
10209,北戴河,螃蟹,182
10209,北戴河,皮皮虾,96
10209,北戴河,贝类,77
10209,北戴河,八爪鱼,14
10209,北戴河,面条鱼,1
63878,子洲,没有,0
24159,腾蛟,没有,0
11499,秦皇岛,没有,0
19253,大盘山,没有,0
144279,吴堡,没有,0
10432,承德,碗坨,8
10432,承德,鲜花玫瑰饼,4
10432,承德,荞面,4
10432,承德,饽饽,4
10432,承德,承德凉粉,3
10432,承德,银丝杂面,2
10432,承德,御土荷叶鸡,2
10432,承德,汽锅野味八仙,1
63514,玛沁,没有,0
11830,石家庄,没有,0
63033,城固,没有,0
176465,常山县,没有,0
17920,乌兰布统,没有,0
63606,尉犁,没有,0
147131,外婆坑,没有,0
26758,窈口,没有,0
11735,张家口,没有,0
34881,高台,没有,0
19255,西径山,没有,0
18257,大奇山,没有,0
10219,塞罕坝,没有,0
144276,定边,没有,0
11345,乌溪江,没有,0
34422,江心屿,没有,0
11796,保定,没有,0
63532,乐都,没有,0
141562,托克逊,没有,0
30458,四明山,没有,0
12431,钱塘江,没有,0
18910,黄檀洞,没有,0
18753,桃花岛,没有,0
142763,草原天路,没有,0
141547,福海,没有,0
33423,六春湖,没有,0
11781,唐山,没有,0
64138,吉木萨尔,没有,0
34429,江郎山,没有,0
28018,茗岙,没有,0
11386,张北,没有,0
63511,都兰,没有,0
10034,木兰围场,没有,0
18944,浙东大峡谷,没有,0
18188,括苍山,没有,0
10695,丰宁坝上,没有,0
62860,文县,没有,0
16013,南戴河,螃蟹,20
16013,南戴河,皮皮虾,18
16013,南戴河,扇贝,3
16013,南戴河,铁锅炖菜,1
16013,南戴河,抚宁梨,1
16575,崇礼,没有,0
17571,梅源梯田,没有,0
17161,天台苍山,没有,0
66229,宕昌,没有,0
11262,野三坡,没有,0
18217,南北湖,没有,0
10084,猕猴峡,没有,0
17331,阿尔金,没有,0
11732,邯郸,没有,0
143370,岷县,没有,0
144262,白河县,没有,0
62858,陇西,没有,0
11808,蔚县,,21
11808,蔚县,粉坨,18
11808,蔚县,黄糕,13
11808,蔚县,五香豆干,12
11808,蔚县,八大碗,9
17923,方岩,没有,0
14548,廊坊,没有,0
34419,仙华山,没有,0
16499,郭洞,没有,0
62845,民勤,没有,0
10450,浙江天台山,没有,0
63035,西乡,没有,0
10326,翡翠岛,没有,0
17917,五泄,没有,0
64056,岚皋,没有,0
58257,合阳,没有,0
11567,沽源,没有,0
64054,宁陕,没有,0
18015,莎车,没有,0
20079,昌黎,没有,0
10341,西湖,没有,0
14906,西溪,没有,0
63537,循化,没有,0
20045,东白山,没有,0
17860,丰宁,没有,0
33628,太子湾,没有,0
62856,渭源,没有,0
22388,九溪,没有,0
10480,山海关,没有,0
22811,河姆渡,没有,0
10309,白洋淀,没有,0
63823,盐池,没有,0
12057,邢台,没有,0
19791,丹山赤水,没有,0
63097,巩留,没有,0
15996,南尖岩,没有,0
14894,沧州,没有,0
19079,河坊街,没有,0
144269,高陵,没有,0
64057,旬阳,没有,0
10785,乐亭,没有,0
10030,三亚,抱罗粉,800
10030,三亚,清补凉,667
10030,三亚,水果炒冰,532
10030,三亚,椰子饭,523
10030,三亚,文昌鸡,380
10030,三亚,和乐蟹,340
10030,三亚,东山羊,158
10030,三亚,加积鸭,104
10030,三亚,陵水酸粉,77
10030,三亚,竹筒饭,25
18746,涞源,没有,0
20613,须弥山,没有,0
63036,镇巴,没有,0
10513,海口,清补凉,44
10513,海口,海南粉,36
10513,海口,陵水酸粉,18
10513,海口,椰子饭,15
10513,海口,鱼煲,1
23029,正定,没有,0
64050,洛川,没有,0
16020,亚龙湾,没有,0
14786,蜈支洲岛,没有,0
63086,温宿,没有,0
12053,涿州,没有,0
63098,尼勒克,没有,0
196292,海棠湾,没有,0
63087,阿克苏市,没有,0
10230,小五台,没有,0
11701,文昌,没有,0
36233,阿拉山口,没有,0
144272,安塞,没有,0
13034,衡水,没有,0
11616,万宁,没有,0
63604,且末,没有,0
34594,兴隆,没有,0
10194,西沙群岛,没有,0
174206,米东区,没有,0
11265,易县,没有,0
41342,琼海,没有,0
144170,中宁,没有,0
19205,怀来,没有,0
144267,宜君,没有,0
11266,清东陵,没有,0
62982,陵水,没有,0
43377,三沙市,没有,0
17730,平山,没有,0
17294,五指山市,没有,0
196328,三亚湾,没有,0
174200,乌鲁木齐县,没有,0
64145,围场县,没有,0
21804,博鳌,没有,0
62803,阿克陶,没有,0
196343,大东海,没有,0
26831,定州,没有,0
64040,武功县,没有,0
10270,鸡鸣驿古城,没有,0
25419,保亭,没有,0
144757,茫崖,没有,0
11429,西柏坡,没有,0
10781,儋州,没有,0
63091,精河,没有,0
62987,东方市,没有,0
143399,清水县,没有,0
62984,乐东,没有,0
52710,赤城,没有,0
64084,南沙群岛,没有,0
17408,井陉,没有,0
64033,府谷,没有,0
16016,赵县,没有,0
143368,临洮,没有,0
11648,琼中,没有,0
63607,博湖,没有,0
29901,囊谦,没有,0
11269,霸州,没有,0
62985,澄迈,没有,0
62865,武山,没有,0
11253,昌江,没有,0
64150,滦县,没有,0
17995,定安,没有,0
64212,淳化,没有,0
21463,遵化,没有,0
16015,石头村,没有,0
203729,大小洞天,没有,0
143379,康县,没有,0
62861,礼县,没有,0
62986,白沙,没有,0
66298,涞水,没有,0
16971,黄骅,没有,0
62983,临高,没有,0
64144,滦平,没有,0
64151,迁安,没有,0
140753,会宁,没有,0
62981,屯昌,没有,0
64195,鹿泉,没有,0
63550,海晏,没有,0
64172,宣化,没有,0
144168,贺兰县,没有,0
17906,铺前镇,没有,0
62835,合作县,没有,0
63528,班玛,没有,0
143451,中沙群岛,没有,0
64149,迁西,没有,0
24278,石梅湾,没有,0
64052,黄龙县,没有,0
64184,武安,没有,0
63513,达日,没有,0
62863,成县,没有,0
18800,南渡江,没有,0
64182,安新,没有,0
19082,南湾猴岛,没有,0
25415,锦母角,没有,0
10780,洋浦半岛,没有,0
23127,清水湾,没有,0
62807,阿图什,没有,0
66301,抚宁,没有,0
19084,尖峰岭,没有,0
18964,抱犊寨,没有,0
140608,固安,没有,0
62923,民丰,没有,0
10132,厦门,沙茶面,3347
10132,厦门,海蛎煎,2396
10132,厦门,花生汤,1841
10132,厦门,土笋冻,1825
10132,厦门,烧肉粽,1100
10132,厦门,春卷,699
12522,鼓浪屿,海鲜,1589
12522,鼓浪屿,沙茶面,1370
12522,鼓浪屿,鱼丸,1349
12522,鼓浪屿,海蛎煎,993
12522,鼓浪屿,烧仙草,905
12522,鼓浪屿,土笋冻,721
12522,鼓浪屿,花生汤,682
12522,鼓浪屿,烧肉粽,382
62911,巴楚,没有,0
63309,涿鹿,没有,0
143372,永昌,没有,0
11498,福州,七星鱼丸,158
11498,福州,荔枝肉,37
11498,福州,芋泥,33
11498,福州,佛跳墙,27
11498,福州,鸡茸鱼唇,6
64183,涉县,没有,0
143386,泾川,没有,0
10039,武夷山,岚谷熏鹅,43
10039,武夷山,田螺,14
10039,武夷山,文公菜,1
11246,泉州,没有,0
12491,霞浦,剑蛏,9
12491,霞浦,苦螺,6
12491,霞浦,阿达元宵,4
12491,霞浦,牡蛎饼,1
28929,乔戈里峰,没有,0
10790,漳州,没有,0
140694,三河,没有,0
63088,拜城,没有,0
143371,舟曲,没有,0
62804,乌恰,没有,0
10702,平潭,没有,0
143461,阜平,没有,0
64147,香河,没有,0
14292,南靖,没有,0
143480,吴桥,没有,0
144266,洛南,没有,0
16009,东山岛,没有,0
143464,满城,没有,0
10494,永定,汀州河田鸡,1
10494,永定,永定牛肉丸,1
10494,永定,菜干扣肉,1
10494,永定,灯盏糕,1
10494,永定,豆腐饺,1
143462,高碑店,没有,0
143380,两当,没有,0
64188,大名,没有,0
144278,清涧,没有,0
11784,莆田,没有,0
64152,青龙县,没有,0
62866,甘谷,没有,0
12681,宁德,没有,0
63103,额敏,没有,0
11267,清苑,没有,0
11624,龙岩,没有,0
143394,秦安,没有,0
19288,云水谣古镇,没有,0
64171,阳原,没有,0
12013,南平,没有,0
64140,伊吾,没有,0
28210,福鼎,没有,0
140555,任丘,没有,0
144264,略阳,没有,0
14844,三明,没有,0
30757,澄城,没有,0
30428,唐海,没有,0
17407,泰宁,没有,0
17992,英吉沙,没有,0
64146,平泉,没有,0
28301,大嵛山岛,没有,0
140603,河间,没有,0
174302,大通回族土族自治县,没有,0
64170,唐县,没有,0
141550,呼图壁,没有,0
143467,雄县,没有,0
63094,察布查尔,没有,0
16011,湄洲岛,没有,0
21365,永泰,没有,0
143468,徐水,没有,0
174893,富县,没有,0
18028,神钟山,没有,0
66228,临潭,没有,0
17856,惠安,没有,0
22838,连江,没有,0
18004,达里雅布依,没有,0
28027,漳浦,没有,0
63102,托里,没有,0
64192,晋州,没有,0
143393,正宁,没有,0
17272,南宫,没有,0
28055,六鳌,没有,0
63807,和硕,没有,0
64193,灵寿,没有,0
64561,晋江,没有,0
64194,赞皇,没有,0
143397,古浪,没有,0
64186,永年,没有,0
62864,徽县,没有,0
21440,长乐,没有,0
143374,皋兰,没有,0
134713,沙河,没有,0
64047,志丹,没有,0
18532,克勒青河谷,没有,0
64185,磁县,没有,0
11555,崇武,没有,0
143367,靖远,没有,0
11369,福清,没有,0
143465,曲阳,没有,0
16742,独石口镇,没有,0
141555,麦盖提,没有,0
64042,旬邑,没有,0
17421,尤溪,没有,0
84742,丰润,没有,0
141554,皮山,没有,0
62862,西和,没有,0
18721,车师古道,没有,0
32557,丰南,没有,0
64189,新乐,没有,0
16593,永安,没有,0
64541,长汀,没有,0
45268,沙县,没有,0
17802,梅林镇,没有,0
175964,古冶,没有,0
143541,冀州,没有,0
144174,杂多,没有,0
64550,连城,没有,0
144263,麟游县,没有,0
84595,石狮,没有,0
143466,顺平,没有,0
17881,巴尔鲁克山,没有,0
143361,仓山,没有,0
143478,青县,没有,0
141549,焉耆,没有,0
66299,隆化,没有,0
143471,泊头,没有,0
64559,德化,没有,0
18491,西白杨沟,没有,0
17961,屏南,没有,0
143705,清河,没有,0
16700,闽侯,没有,0
144167,同心县,没有,0
64563,仙游,没有,0
16872,福安,没有,0
17301,广府镇,没有,0
141545,沙雅,没有,0
64577,龙海,没有,0
143385,庄浪,没有,0
143552,玉田,没有,0
84763,同安,没有,0
62857,漳县,没有,0
175952,大厂县,没有,0
18681,建宁,没有,0
66297,临漳,没有,0
15924,西海固,没有,0
20263,古田,没有,0
175838,峰峰矿区,没有,0
176255,海沧区,没有,0
144271,永寿,没有,0
64187,魏县,没有,0
10216,长汀古城,没有,0
143698,藁城,没有,0
64631,周宁,没有,0
140743,长泰,没有,0
140605,容城,没有,0
144270,长武,没有,0
64562,罗源,没有,0
143697,卢龙,没有,0
174203,头屯河区,没有,0
62920,于田,没有,0
143458,安国,没有,0
64558,安溪,没有,0
38611,永春,没有,0
64552,诏安,没有,0
62979,图木舒克,没有,0
29809,建瓯,没有,0
141564,铁门关,没有,0
143539,安平,没有,0
18428,塔下,没有,0
144749,民和,没有,0
143460,定兴,没有,0
66300,宽城县,没有,0
143527,南安市,没有,0
141553,墨玉县,没有,0
143548,辛集,没有,0
140615,云霄县,没有,0
62906,泽普,没有,0
143364,蕉城,没有,0
17804,樟脚村,没有,0
140606,元氏,没有,0
174857,千阳县,没有,0
64551,平和,没有,0
64148,滦南,没有,0
143375,东乡族自治县,没有,0
64547,漳平,没有,0
36437,闽清,没有,0
144274,子长县,没有,0
143474,东光,没有,0
64542,武平,没有,0
174317,肃北蒙古族自治县,没有,0
141548,青河,没有,0
143473,沧县,没有,0
64553,华安,没有,0
143481,献县,没有,0
64046,吴起县,没有,0
140685,将乐,没有,0
143542,景县,没有,0
64555,顺昌,没有,0
176237,龙文区,没有,0
174332,积石山保安族东乡族撒拉族自治县,没有,0
176267,翔安区,没有,0
143538,故城,没有,0
144748,化隆,没有,0
64539,宁化,没有,0
63509,治多,没有,0
176288,秀屿区,没有,0
141607,天峻县,没有,0
17780,y埔村,没有,0
143469,蠡县,没有,0
64540,上杭,没有,0
63101,裕民,没有,0
34427,奇达村,没有,0
143556,临城,没有,0
63609,吉木乃,没有,0
64556,建阳区,没有,0
174296,玉树市,没有,0
18272,铁湖达坂,没有,0
143701,内丘,没有,0
143377,和政,没有,0
143696,永清,没有,0
143378,康乐,没有,0
143702,宁晋,没有,0
143366,柘荣,没有,0
176279,马尾区,没有,0
62905,岳普湖,没有,0
143392,镇原,没有,0
143555,巨鹿,没有,0
143554,广宗,没有,0
64580,光泽,没有,0
143391,庆城,没有,0
144169,海原县,没有,0
64554,邵武,没有,0
63822,泾源,没有,0
143369,通渭,没有,0
16743,云州,没有,0
176252,泉港区,没有,0
143706,龙湾村,没有,0
143551,栾城,没有,0
143396,张家川,没有,0
143463,高阳,没有,0
143362,浦城,没有,0
143363,政和,没有,0
175916,下花园,没有,0
20738,藤龙山,没有,0
143695,文安,没有,0
143365,寿宁,没有,0
143383,静宁,没有,0
17984,达瓦昆沙漠,没有,0
176240,延平区,没有,0
144261,镇坪,没有,0
62901,疏勒,没有,0
176285,涵江区,没有,0
175943,大城（河北）,没有,0
141556,伽师,没有,0
143529,盐山,没有,0
64557,松溪,没有,0
143528,明溪,没有,0
140604,成安,没有,0
62849,疏附,没有,0
143390,宁县,没有,0
176249,洛江区,没有,0
143534,邱县,没有,0
143477,南皮,没有,0
141543,阿瓦提,没有,0
176222,清流县,没有,0
63551,泽库,没有,0
176231,大田县,没有,0
84896,上街镇,没有,0
143389,环县,没有,0
144171,贵南,没有,0
143530,馆陶,没有,0
35478,冠豸山,没有,0
143388,华池,没有,0
143549,无极,没有,0
17695,大金湖,没有,0
18229,科古琴山,没有,0
143387,合水,没有,0
143384,灵台,没有,0
143546,高邑,没有,0
16649,太姥山,没有,0
143532,肥乡,没有,0
143476,孟村,没有,0
143479,肃宁,没有,0
32339,赵家堡,没有,0
28303,目屿岛,没有,0
175904,万全,没有,0
174299,河南蒙古族自治县,没有,0
62925,乌什县,没有,0
63222,望都,没有,0
17049,漳州火山岛,没有,0
143537,阜城,没有,0
144758,白碱滩,没有,0
175883,威县,没有,0
143376,广河,没有,0
16010,南普陀寺,没有,0
17803,清源山,没有,0
19708,海门岛,没有,0
62924,柯坪,没有,0
143543,饶阳,没有,0
18325,戴云山,没有,0
37373,龙栖山,没有,0
143694,枣强,没有,0
143381,崇信,没有,0
143382,华亭,没有,0
24485,鼓山,没有,0
141552,洛浦,没有,0
175898,怀安,没有,0
17800,三坊七巷,没有,0
144173,兴海,没有,0
141557,和布克赛尔,没有,0
143535,曲周,没有,0
19556,白水洋,没有,0
164876,隆德县,没有,0
10684,南京,鸭血粉丝汤,882
10684,南京,牛肉锅贴,345
10684,南京,盐水鸭,312
10684,南京,赤豆元宵,281
10684,南京,桂花糖芋苗,189
10684,南京,鸡汁汤包,170
10684,南京,鸭油酥烧饼,92
10684,南京,皮肚面,59
10684,南京,梅花糕,50
10684,南京,什锦豆腐涝,16
10207,苏州,生煎,450
10207,苏州,松鼠桂鱼,189
10207,苏州,碧螺虾仁,136
10207,苏州,阳澄湖大闸蟹,125
10207,苏州,响油鳝糊,70
10207,苏州,桂花鸡头米,66
10207,苏州,樱桃肉,32
10207,苏州,常熟叫化鸡,32
10207,苏州,莼菜汤,21
10207,苏州,肺汤,9
174164,和田县,没有,0
143533,广平,没有,0
10140,无锡,无锡小笼,270
10140,无锡,三鲜馄饨,181
10140,无锡,无锡酱排骨,80
10140,无锡,无锡三白,73
10140,无锡,豆腐花,70
10140,无锡,玉兰饼,45
10140,无锡,梁溪脆鳝,8
10140,无锡,镜箱豆腐,5
10140,无锡,四色汤团,4
10140,无锡,肉酿面筋,4
10128,扬州,大煮干丝,319
10128,扬州,扬州炒饭,305
10128,扬州,狮子头,266
10128,扬州,干菜包子,241
10128,扬州,三丁包子,182
10128,扬州,四喜汤团,129
10128,扬州,黄桥烧饼,118
10128,扬州,翡翠烧卖,99
10128,扬州,扬州饼食,93
10128,扬州,千层油糕,56
11729,周庄,万三蹄,166
11729,周庄,青团,31
11729,周庄,阿婆菜,31
11729,周庄,万三面,29
11729,周庄,银鱼炒蛋,9
11729,周庄,蒸鱼,8
11729,周庄,三味圆,7
11729,周庄,熏青豆,7
11729,周庄,万三糕,7
11729,周庄,白丝鱼,6
175880,新河,没有,0
29364,柏杨河,没有,0
10802,常州,砂锅鱼头,97
10802,常州,银丝面,16
10802,常州,扎肝,13
10802,常州,加蟹小笼,11
10802,常州,麻糕,9
10802,常州,虾饼,5
10802,常州,螃蟹,3
10802,常州,三鲜馄饨,1
10802,常州,蟹壳黄,1
10802,常州,网油卷,1
174191,双河市,没有,0
12059,镇江,肴肉,98
12059,镇江,清炖蟹肉狮子头,42
12059,镇江,镇江锅盖面,31
12059,镇江,蟹黄汤包,20
12059,镇江,镇江河鲜,9
144153,甘德县,没有,0
175901,康保,没有,0
10435,同里,同里状元蹄,57
10435,同里,袜底酥,51
10435,同里,白鱼,32
10435,同里,白虾,20
10435,同里,螺丝,13
10435,同里,退思饼,12
10435,同里,青团子,11
10435,同里,酒酿饼,5
10435,同里,旁皮鱼,3
10435,同里,外婆菜,2
63510,称多,没有,0
175919,深州,没有,0
10804,连云港,铜蟹,6
10804,连云港,小鱼煎饼,6
10804,连云港,虾婆婆,3
10804,连云港,凉粉,3
10804,连云港,沙光鱼,2
10804,连云港,豆丹,2
10804,连云港,白菜牛肉,1
10804,连云港,爆乌花,1
141546,新和,没有,0
11431,徐州,没有,0
143531,鸡泽,没有,0
15967,无锡灵山,没有,0
141608,曲麻莱县,没有,0
144166,彭阳,没有,0
143475,海兴,没有,0
144273,延长县,没有,0
17098,孟达天池,没有,0
143550,行唐,没有,0
16239,可可托海镇,没有,0
143700,南和,没有,0
18030,帕米尔高原,没有,0
143553,柏乡,没有,0
175886,临西,没有,0
15594,巴音布鲁克,没有,0
143545,武邑,没有,0
29093,霍尔果斯,没有,0
143699,隆尧,没有,0
143547,深泽,没有,0
10022,黄河源头,没有,0
143703,平乡,没有,0
143459,博野,没有,0
16017,鸣沙山,没有,0
11480,喜峰口,没有,0
65505,巴伦台,没有,0
18236,月坨岛,没有,0
17990,艾比湖,没有,0
32442,祖山,没有,0
165169,奥依塔克镇,没有,0
10721,空中草原,没有,0
18838,金丝峡,没有,0
27655,白石山,没有,0
17987,五彩滩,没有,0
17982,红其拉甫,没有,0
175877,任县,没有,0
15955,那拉提,没有,0
59266,赵州桥,没有,0
62846,阿合奇,没有,0
11902,清西陵,没有,0
11457,阿尼玛卿,没有,0
16014,狼牙山,没有,0
15993,茶卡盐湖,没有,0
175895,尚义,没有,0
35453,哈拉湖,没有,0
11617,少华山,没有,0
144172,同德县,没有,0
18373,冉庄,没有,0
17799,日月山,没有,0
23024,五彩城,没有,0
20552,伏羲台,没有,0
18375,荣国府,没有,0
18839,牛背梁,没有,0
21228,驼梁,没有,0
23063,邺城,没有,0
19234,喀拉峻,没有,0
25062,苍岩山,没有,0
175853,井陉矿区,没有,0
17991,慕士塔格峰,没有,0
17983,阿拉尔金草滩,没有,0
18226,隆兴寺,没有,0
28895,嶂石岩,没有,0
17977,开阳堡,没有,0
31630,玉皇阁,没有,0
17304,茅荆坝,没有,0
10551,金山岭长城,没有,0
10709,雾灵山,没有,0
11858,门门沟,没有,0
33580,白草洼,没有,0
175934,鹰手营子矿区,没有,0
26202,冰山梁,没有,0
18392,桦皮岭,没有,0
21774,西灵山,没有,0
13706,老掌沟,没有,0
17425,天漠,没有,0
21317,样边长城,没有,0
19109,东猴顶,没有,0
10716,长嵯,没有,0
19902,潘家口水库,没有,0
10094,洛阳,洛阳水席,202
10094,洛阳,胡辣汤,78
10094,洛阳,牛肉汤,58
10094,洛阳,羊肉汤,48
10094,洛阳,浆面条,46
10094,洛阳,驴肉汤,31
10094,洛阳,洛鲤伊鲂,1
10794,郑州,烩面,52
10794,郑州,胡辣汤,27
10794,郑州,油馍头,1
10794,郑州,肉盒,1
10794,郑州,开花馍,1
10794,郑州,花糕,1
10794,郑州,老君烧鸡,1
10794,郑州,焖子,1
10794,郑州,铁锅蛋,1
10794,郑州,炸紫酥肉,1
11242,开封,灌汤包,139
11242,开封,杏仁茶,48
11242,开封,炒凉粉,42
11242,开封,桶子鸡,29
11242,开封,红薯泥,18
11242,开封,炕馍,17
11242,开封,火烧,13
11242,开封,羊蹄,9
11242,开封,兔肉,6
11242,开封,锅贴豆腐,2
11527,云台山,闹汤驴肉,43
11527,云台山,河南烩面,16
11527,云台山,修武黑山羊,15
11527,云台山,山韭菜炒鸡蛋,12
11527,云台山,十足全虫,5
10449,少林寺,套四宝,2
10449,少林寺,琵琶酥,1
10449,少林寺,锅盔,1
15228,嵩山,没有,0
11694,郭亮,鲤鱼,3
11694,郭亮,罗锅酱肉,1
11694,郭亮,烧饼,1
13805,安阳,扁粉菜,12
13805,安阳,粉浆饭,9
13805,安阳,相州皮渣,8
13805,安阳,血糕,7
13805,安阳,胡辣汤,3
13805,安阳,扣碗酥肉,1
13805,安阳,三不沾,1
13805,安阳,安阳三熏,1
12099,焦作,没有,0
13100,新乡,没有,0
10632,龙门石窟,没有,0
13628,信阳,没有,0
17245,三门峡,没有,0
17396,南阳,没有,0
64201,登封,没有,0
18303,景洪,没有,0
173576,台西乡,没有,0
